mouse_id,window_time,mean_temp,std_temp,min_temp,max_temp,circadian_strength,ultradian_strength,dominant_period_h
N10,2023-08-16 14:40:00,36.379131944444445,1.8616931154713472,20.67,38.18,0.06151456843683253,0.3772971470718182,48.0
N10,2023-08-17 02:40:00,36.88207465277779,0.5046516296957295,35.52,38.18,0.07898390146530743,0.3129958946746722,48.0
N10,2023-08-17 14:40:00,37.04169270833333,0.5350941802165163,35.65,38.29,0.05364051495971046,0.6460387519136904,4.8
N10,2023-08-18 02:40:00,36.78920138888889,0.8303629888835421,35.18,38.29,0.2961689375897083,0.26862509935245016,24.0
N10,2023-08-18 14:40:00,36.7346875,0.859249182007454,35.18,38.38,0.27144590676311636,0.30325780592026913,24.0
N10,2023-08-19 02:40:00,36.63000868055556,0.9394946796589744,35.18,38.38,0.3813633006182382,0.2828801357269088,24.0
N10,2023-08-19 14:40:00,36.80201388888889,1.04575980079404,35.18,38.41,0.5897370056248022,0.15514346473140614,24.0
N10,2023-08-20 02:40:00,36.90900173611111,0.9180237136733367,35.62,38.41,0.5328401409450494,0.19316659073592726,24.0
N10,2023-08-20 14:40:00,36.971666666666664,0.9488138255422521,35.54,38.41,0.6325673959352037,0.22060435891092883,24.0
N10,2023-08-21 02:40:00,37.01501736111111,0.9102410176177724,35.52,38.41,0.6200238719628854,0.16388041668693348,24.0
N10,2023-08-21 14:40:00,36.864654224537034,0.8759004721602256,35.47,38.4,0.4480819410043715,0.32633547211650366,24.0
N10,2023-08-22 02:40:00,36.8128978587963,0.9267517000586473,35.3,38.4,0.4568806648184162,0.3559995267735734,24.0
N10,2023-08-22 14:40:00,36.938624131944444,0.9519018759234614,35.3,38.31,0.581195171898621,0.24059752743931373,24.0
N10,2023-08-23 02:40:00,36.895024594907404,0.9554711968729676,35.3,38.31,0.5679546814339459,0.31087389692298306,24.0
N10,2023-08-23 14:40:00,36.86437355324074,0.9518928381296061,35.3,38.41,0.6337022457710438,0.22724367282237123,24.0
N10,2023-08-24 02:40:00,36.90798755787037,0.8988485699638067,34.88,38.41,0.6084697152029315,0.1709911839249631,24.0
N10,2023-08-24 14:40:00,36.568285590277775,0.796805218977326,34.88,38.41,0.40477668298400066,0.18717007069311192,24.0
N10,2023-08-25 02:40:00,36.55830005787037,0.8133972091609071,34.88,38.41,0.46043545007143394,0.07673700229095488,24.0
N10,2023-08-25 14:40:00,36.29720825120621,0.7188143481228867,34.84,37.86,0.47907910422333955,0.08746906433844531,24.0
N10,2023-08-26 02:40:00,36.343627378764864,0.7124001560197226,34.84,37.86,0.4377697556993353,0.08705032824896147,24.0
N10,2023-08-26 19:40:00,36.50804507292586,0.733192798054937,34.84,37.71,0.19911505207271546,0.11857714957230543,48.0
N10,2023-08-27 19:15:00,36.52893917014808,0.8115011094805686,34.76,37.8,0.03888767539325305,0.1290670248257345,16.0
N10,2023-08-28 14:30:00,36.519767302870456,0.8311222626919117,34.76,37.8,0.05634896464508034,0.13528865969511658,48.0
N10,2023-08-29 02:30:00,36.41815838680169,0.9642030878106502,34.74,37.95,0.005853548745429645,0.371217004527284,12.0
N10,2023-08-29 16:00:00,36.21684280753968,0.9509858917214987,34.74,37.95,0.07295721148748847,0.2749908680126746,12.0
N10,2023-08-30 04:00:00,36.2181492311508,0.951968982265419,34.7,37.95,0.07810910295497189,0.31060184597427315,12.0
N10,2023-08-30 16:00:00,36.2732421875,0.9692538260211153,34.7,37.95,0.07248823348558847,0.29119379578136856,12.0
N10,2023-08-31 04:00:00,36.37045454545455,0.9542809233346943,34.7,38.1,0.12160967166236084,0.31925252737251014,12.0
N10,2023-08-31 16:35:00,36.42385500672043,0.981063467889068,34.7,38.12,0.15725787161069696,0.2816582697651926,12.0
N10,2023-09-01 04:35:00,36.55113819260904,0.9379782589100968,34.88,38.12,0.4060645848975216,0.1905881392693199,24.0
N10,2023-09-01 18:05:00,36.85084565788681,0.8982120453249269,34.88,38.16,0.1893685584055627,0.2597950145312881,24.0
N10,2023-09-02 11:10:00,36.650893400942365,0.9272864236799508,35.05,38.23,0.3279152248454379,0.17402432044843602,24.0
N10,2023-09-02 23:45:00,36.845798993637146,0.9016964493744876,35.16,38.25,0.31449651342576845,0.20063829068539107,24.0
N10,2023-09-03 12:00:00,36.66858264802632,1.0134080894395356,34.92,38.36,0.5197208438331495,0.15187370816227339,24.0
N10,2023-09-04 02:05:00,36.47531181469298,1.0999680691159535,34.38,38.47,0.2649915951758377,0.1576330441942086,24.0
N10,2023-09-04 14:15:00,36.58951754385965,1.1217815788386551,34.38,38.47,0.2864122359492603,0.150347601411103,24.0
N10,2023-09-05 02:15:00,35.63540104166667,2.9770329373219138,24.3,38.47,0.1796527700630572,0.1861015581426436,12.0
N10,2023-09-05 14:15:00,34.24471354166667,4.477769702745282,23.3,38.47,0.04221166357373615,0.07947806932259081,12.0
N10,2023-09-06 02:15:00,34.11144965277778,4.374920728853253,23.3,38.09,0.03536470907520265,0.07886401014244615,12.0
N10,2023-09-06 14:15:00,34.11753472222222,4.37317615988161,23.3,38.33,0.03105164546625722,0.08243678744391138,48.0
N10,2023-09-07 02:15:00,34.90585069444444,3.727030389776687,23.3,38.33,0.2267330762204863,0.08210213308810368,48.0
N10,2023-09-07 14:15:00,36.26123263888889,0.9706239266524694,34.5,38.6,0.09743999931812461,0.3498807972045899,12.0
N10,2023-09-08 02:15:00,36.445,1.0629853466639236,34.5,38.6,0.1441645629346391,0.32021422713507236,12.0
N10,2023-09-08 14:15:00,36.34717013888889,1.1260697748005781,34.5,38.6,0.20175644560412845,0.3580935230457849,12.0
N10,2023-09-09 02:15:00,36.49206597222222,1.1801256711953743,34.5,38.6,0.32507185908863057,0.326650971196155,24.0
N10,2023-09-09 14:15:00,36.475399305555555,1.1548566741277013,34.62,38.52,0.34160739691017544,0.3645290466384596,24.0
N10,2023-09-10 02:15:00,36.48392361111111,1.1928977707192516,34.62,38.52,0.4449778119797848,0.3434706331247007,24.0
N10,2023-09-10 14:15:00,36.564479166666665,1.1498812165028058,34.87,38.52,0.36690713022301175,0.3349669824926425,24.0
N10,2023-09-11 02:15:00,36.528871527777774,1.1440299190655419,34.54,38.27,0.31799793772569696,0.3710466236627792,24.0
N10,2023-09-11 14:15:00,36.56765625,1.08565259427086,34.54,38.27,0.31648303945692907,0.35446546281396335,24.0
N10,2023-09-12 02:15:00,36.69114583333333,1.0639102109980767,34.54,38.26,0.44921539772635577,0.20981597996731755,24.0
N10,2023-09-12 14:15:00,36.661440972222216,1.0209720177845496,34.54,38.26,0.47734546083547524,0.21645249498343014,24.0
N10,2023-09-13 02:15:00,36.662074652777775,1.0565479903370676,34.41,38.39,0.47387192078996615,0.24310684865735951,24.0
N10,2023-09-13 14:15:00,36.64341145833333,1.136719070673399,34.41,38.49,0.4745051309004265,0.2766360645671428,24.0
N10,2023-09-14 02:15:00,36.527248263888886,1.177028659127172,34.41,38.49,0.3367473980384194,0.31135204510342546,24.0
N10,2023-09-14 14:15:00,36.50705729166666,1.2072360226674808,34.41,38.49,0.33093451577441624,0.2576808662874015,24.0
N10,2023-09-15 02:15:00,36.61064236111111,1.2413449403704493,34.73,38.65,0.5201483533327914,0.1798166789189631,24.0
N10,2023-09-15 14:15:00,36.581475694444435,1.2078571228710584,34.73,38.65,0.47252652378849863,0.21070867624367376,24.0
N10,2023-09-16 02:15:00,36.55791666666667,1.1520590714744914,34.82,38.65,0.4454247800491405,0.30922778466615214,24.0
N10,2023-09-16 14:15:00,36.567447916666666,1.1243009776121113,34.82,38.65,0.4658130582350698,0.31394124275941754,24.0
N10,2023-09-17 02:15:00,36.52644097222222,1.0676746571868487,34.9,38.41,0.4458426028899792,0.3612116302676779,24.0
N10,2023-09-17 14:15:00,36.55371527777778,1.0209272484908187,34.9,38.37,0.41584219724195776,0.33730258441567007,24.0
N11,2023-08-16 14:40:00,36.26683159722222,1.836080490909772,20.67,38.37,0.0609249245919951,0.29368920732399273,48.0
N11,2023-08-17 02:40:00,36.788203125,0.5497278099164127,35.22,38.37,0.17853825576599663,0.2862255883674175,48.0
N11,2023-08-17 14:40:00,36.97107349537037,0.5107709085788372,35.58,38.37,0.20558272493646676,0.5185087723579489,4.0
N11,2023-08-18 02:40:00,36.81763888888889,0.6397175954656102,35.38,38.37,0.3233868417945448,0.40270397494229704,24.0
N11,2023-08-18 14:40:00,36.86427517361111,0.7718567321418587,35.38,38.77,0.3103998903695739,0.37501282390173113,24.0
N11,2023-08-19 02:40:00,36.72314236111111,0.8549283462163482,35.38,38.77,0.46671326040315453,0.3253642945368382,24.0
N11,2023-08-19 14:40:00,36.82570167824073,0.9529352494865372,35.38,38.77,0.5825517057455064,0.29404596187088833,24.0
N11,2023-08-20 02:40:00,36.92881510416667,0.9163406139621446,35.49,38.77,0.5160281808523137,0.30738471951767404,24.0
N11,2023-08-20 14:40:00,37.02273003472222,0.9428537914341605,35.49,38.72,0.6901346549100519,0.13182413619222919,24.0
N11,2023-08-21 02:40:00,37.09482638888889,0.8833077865579335,35.59,38.72,0.6825816517763166,0.11629601131167783,24.0
N11,2023-08-21 14:40:00,37.08226996527778,0.8289356312547463,35.59,38.72,0.759361425125579,0.07291515377323805,24.0
N11,2023-08-22 02:40:00,37.11249092487373,0.8054802742102729,35.65,38.72,0.7533730179713369,0.08581248151559445,24.0
N11,2023-08-22 14:40:00,37.09622106481481,0.7573377910922671,35.65,38.3,0.7501981386610697,0.13239559089973485,24.0
N11,2023-08-23 02:40:00,37.10438368055556,0.7655894624239724,35.85,38.3,0.7370246482884061,0.10668875364083916,24.0
N11,2023-08-23 14:40:00,37.052005208333334,0.7989040627263554,35.85,38.91,0.6722901876481021,0.16157814410278998,24.0
N11,2023-08-24 02:40:00,37.01449258207071,0.8545911629602836,35.48,38.91,0.6602527709280769,0.18362225251511555,24.0
N11,2023-08-24 14:40:00,36.685957754629634,0.7804698629251898,35.39,38.91,0.38498362423774996,0.18787204333286472,24.0
N11,2023-08-25 02:40:00,36.728489583333335,0.7876640788965377,35.39,38.91,0.3703269327914457,0.2171066758679003,24.0
N11,2023-08-25 14:40:00,36.58878472222222,0.7087709424026688,35.39,38.27,0.5351360346132843,0.1882082793700424,24.0
N11,2023-08-26 02:40:00,36.72714409722222,0.735003220703368,35.39,38.56,0.672032078363859,0.08785934029932253,24.0
N11,2023-08-26 14:40:00,36.79316840277777,0.7519910408109587,35.55,38.56,0.6676258416764144,0.10138548736492725,24.0
N11,2023-08-27 02:40:00,36.92309895833333,0.805522058718598,35.55,38.56,0.7256589950972362,0.1598129765113664,24.0
N11,2023-08-27 14:40:00,36.96782986111111,0.8098501525985345,35.55,38.56,0.6371845116022941,0.2003575672563793,24.0
N11,2023-08-28 02:40:00,36.94164930555556,0.8644066417440258,35.43,38.49,0.518320150414355,0.27621771488740626,24.0
N11,2023-08-28 14:40:00,36.87868055555556,0.8924042872174786,35.03,38.44,0.5247401237822686,0.2499456032002816,24.0
N11,2023-08-29 02:40:00,36.79796875,0.8963561685891842,35.03,38.44,0.35993778308086816,0.33490944652728105,24.0
N11,2023-08-29 14:40:00,36.72736111111111,0.9178494158380889,35.03,38.44,0.4186945356094923,0.2942633331194211,24.0
N11,2023-08-30 02:40:00,36.76897569444444,0.9142077775431312,35.03,38.52,0.39223594011587026,0.3326488452501399,24.0
N11,2023-08-30 14:40:00,36.76753472222222,0.9133149892713361,35.26,38.52,0.39024714879560474,0.363768251198089,24.0
N11,2023-08-31 02:40:00,36.87331597222222,0.9230927846378413,35.3,38.52,0.504157901629737,0.29778292676757806,24.0
N11,2023-08-31 14:40:00,36.89971560846561,0.8801758500451339,35.39,38.52,0.5051351485998467,0.31865175466250883,24.0
N11,2023-09-01 02:40:00,37.03853182166779,0.8925042803514877,35.39,38.48,0.5232354001873472,0.2459501271227482,24.0
N11,2023-09-01 15:45:00,37.16632847418297,0.8456658673254839,35.46,38.48,0.1533124289080012,0.24014460125902592,16.0
N11,2023-09-02 15:50:00,37.151193057516295,0.8634574045293001,35.46,38.48,0.18943252104978783,0.09845739138465673,16.0
N11,2023-09-03 07:30:00,37.11092666780069,0.9211785077993305,35.41,38.48,0.4778848806407274,0.12198095460235041,24.0
N11,2023-09-03 20:20:00,37.132561843487395,0.9702240927276147,35.41,38.61,0.3898963286127981,0.13911149567098774,24.0
N11,2023-09-04 12:25:00,36.88198741319444,1.0341997079067988,35.05,38.61,0.4332134806257764,0.1626578208793255,24.0
N11,2023-09-05 00:25:00,36.66839019097222,1.7182124446797935,27.26,38.61,0.19244594071468307,0.37814037867321537,24.0
N11,2023-09-05 12:25:00,35.46796874999999,3.5517647573805267,24.47,38.61,0.2812562832173894,0.20753904130055853,24.0
N11,2023-09-06 00:25:00,35.148142361111105,3.37233472752269,24.47,38.26,0.217958545602385,0.22296870507116096,48.0
N11,2023-09-06 12:25:00,35.2795486111111,3.4199134173775776,24.47,38.34,0.19743051021749913,0.20763647098733093,48.0
N11,2023-09-07 00:25:00,35.52169270833334,3.2314824960976845,24.47,38.62,0.14583494233556474,0.39582882917074486,48.0
N11,2023-09-07 12:25:00,36.59834201388889,0.8022632283361795,35.15,38.62,0.1362589321839062,0.3288926845717264,48.0
N11,2023-09-08 00:25:00,36.85072048611111,0.9216646191190561,35.15,38.67,0.3372797394269334,0.35868340274034155,24.0
N11,2023-09-08 12:25:00,36.74186631944445,0.975514482054958,35.15,38.67,0.40408874705993486,0.3625010606659086,24.0
N11,2023-09-09 00:25:00,36.853871527777784,1.0587165206016613,35.15,38.76,0.5284975430884966,0.2572602449516327,24.0
N11,2023-09-09 12:25:00,36.864878472222216,1.0412632481258837,35.22,38.76,0.532987446577801,0.22882016787431966,24.0
N11,2023-09-10 00:25:00,36.97932291666666,1.1050290939620568,35.22,38.76,0.6605842009113659,0.16747243788363336,24.0
N11,2023-09-10 12:25:00,36.96416666666667,1.117142622447505,35.18,38.76,0.6836739173856434,0.14001035166868367,24.0
N11,2023-09-11 00:25:00,37.02975694444444,1.1516817156911583,35.18,38.75,0.7554072391656779,0.14690150638869698,24.0
N11,2023-09-11 12:25:00,37.06779513888889,1.1040772761193107,35.18,38.75,0.7560676953752243,0.14959133441170128,24.0
N11,2023-09-12 00:25:00,37.099010416666665,1.1285731342433851,35.18,38.77,0.7964019849520199,0.0970087728637833,24.0
N11,2023-09-12 12:25:00,37.11425347222222,1.0909427298985492,35.45,38.77,0.7983582450771222,0.11531932906538982,24.0
N11,2023-09-13 00:25:00,37.0795138888889,1.0875706106457788,35.45,38.77,0.7293444526139632,0.1610261065310266,24.0
N11,2023-09-13 12:25:00,37.091684027777774,1.1105798554986186,35.41,38.77,0.7108040025368842,0.1628793840457671,24.0
N11,2023-09-14 00:25:00,37.06940972222222,1.099709872807334,35.41,38.79,0.6707043941952854,0.19391530185332256,24.0
N11,2023-09-14 12:25:00,37.02703125,1.1398158838266106,35.24,38.79,0.6474970707334226,0.2127820391645542,24.0
N11,2023-09-15 00:25:00,37.02268229166666,1.145681111752002,35.24,38.8,0.6571984105440462,0.13850854601198612,24.0
N11,2023-09-15 12:25:00,36.95745659722222,1.1716131736506528,35.24,38.8,0.6748270758213616,0.1617725379554992,24.0
N11,2023-09-16 00:25:00,36.88381076388889,1.1402725371512554,35.24,38.8,0.6441993871392412,0.15791402513270014,24.0
N11,2023-09-16 12:25:00,36.891223958333335,1.1319234966521459,35.2,38.8,0.6640257368725377,0.146297884435013,24.0
N11,2023-09-17 00:25:00,36.95651041666667,1.139134727314915,35.2,38.75,0.7511103584551302,0.11044584104894171,24.0
N11,2023-09-17 12:25:00,36.95388888888889,1.1274295439375401,35.2,38.75,0.7424121844248617,0.12608155232990917,24.0
N12,2023-08-16 14:40:00,36.06490451388889,2.6794725335676715,20.73,37.77,0.0978061001414653,0.35726610465307607,48.0
N12,2023-08-17 02:40:00,36.766223958333335,0.3695977490158503,36.09,37.77,0.13467253782439284,0.2817935973502643,48.0
N12,2023-08-17 14:40:00,36.955390625,0.5170127256658419,35.95,38.32,0.24944653141272538,0.41902224929484555,24.0
N12,2023-08-18 02:40:00,36.81651909722222,0.6631443370555035,35.49,38.32,0.33839767319299574,0.3446778457275716,24.0
N12,2023-08-18 14:40:00,36.889722222222225,0.7532842603495915,35.49,38.32,0.3821596148506054,0.32307670219581247,24.0
N12,2023-08-19 02:40:00,36.81961226851851,0.8018824974823083,35.49,38.32,0.46835543717394534,0.3114641502002582,24.0
N12,2023-08-19 14:40:00,36.93474537037038,0.8554055507351856,35.49,38.25,0.6781745292832366,0.2110560701755218,24.0
N12,2023-08-20 02:40:00,37.03543836805555,0.7975463657061692,35.91,38.25,0.6772211302781787,0.22630000893923619,24.0
N12,2023-08-20 14:40:00,37.000436921296306,0.7895220843014981,35.91,38.69,0.698309249229779,0.1655002919333004,24.0
N12,2023-08-21 02:40:00,36.978964120370364,0.817919753256661,35.37,38.69,0.6867949878263859,0.16972584653000336,24.0
N12,2023-08-21 14:40:00,36.81574074074074,0.7405952511595709,35.37,38.69,0.49400469163046945,0.34276172363758534,24.0
N12,2023-08-22 02:40:00,36.78769097222222,0.7914765213383366,35.37,38.69,0.5193982340542458,0.3072862282299224,24.0
N12,2023-08-22 14:40:00,36.8923365162037,0.8392564320660549,35.37,38.17,0.5515792768069413,0.21813874958230517,24.0
N12,2023-08-23 02:40:00,36.842921006944444,0.8511028145150986,35.55,38.17,0.5473536476987146,0.26332641573190946,24.0
N12,2023-08-23 14:40:00,36.968862847222226,0.9158786868871929,35.55,38.68,0.7184932044644938,0.10927438331091896,24.0
N12,2023-08-24 02:40:00,36.99955295138889,0.9606516137480284,34.88,38.68,0.6445776684695618,0.19631277766636868,24.0
N12,2023-08-24 14:40:00,36.76442274305556,0.9702864810390547,34.88,38.68,0.5498554800078315,0.14873887223343105,24.0
N12,2023-08-25 02:40:00,36.76013454861111,1.0734585886343255,34.8,38.68,0.5689927137033487,0.16780320951119465,24.0
N12,2023-08-25 14:40:00,36.43131076388889,1.0359071066626286,34.55,38.64,0.4821461745522926,0.22815940885457173,24.0
N12,2023-08-26 02:40:00,36.384921874999996,1.0215481948408482,34.55,38.32,0.39763856967979555,0.2346815846197387,24.0
N12,2023-08-26 14:40:00,36.31746155753968,1.0068093960470874,34.55,38.17,0.36607518950649076,0.3739568772184412,24.0
N12,2023-08-27 02:40:00,36.47714473605098,0.9811291763132413,34.55,38.17,0.3381561406194079,0.4577070147288304,24.0
N12,2023-08-27 16:00:00,36.781565485053484,0.9384866144339887,34.66,38.17,0.18471168915050265,0.38996060577348435,48.0
N12,2023-08-28 09:45:00,36.99928343127772,0.8399789331926788,34.66,38.24,0.02188972163075047,0.408872057118421,16.0
N12,2023-08-29 00:30:00,37.193439350589884,0.7717965048687072,35.27,38.41,0.13360762970239912,0.4195925041441678,9.6
N12,2023-08-30 10:10:00,37.09390374152303,0.8436660679674933,35.23,38.41,0.1949750906477764,0.3648726514147744,24.0
N12,2023-08-30 22:10:00,37.1606809091872,0.8983049727901861,35.23,38.41,0.2451666189739505,0.3342843647661978,24.0
N12,2023-08-31 10:10:00,36.97492476851851,0.970406918420628,35.23,38.41,0.5679119134696405,0.21756541405546864,24.0
N12,2023-08-31 22:10:00,36.86244791666667,0.963329592370818,34.9,38.35,0.45526125886602453,0.2469226531789789,24.0
N12,2023-09-01 10:10:00,36.83855902777778,0.9957051033140895,34.9,38.35,0.41937528785597966,0.19029013215136217,24.0
N12,2023-09-01 22:10:00,36.61765625,0.9730897739801947,34.9,38.41,0.24900890821595043,0.4165549550975623,24.0
N12,2023-09-02 10:10:00,36.52819444444444,1.034200008042836,34.9,38.41,0.2523406453495384,0.3824205739886055,24.0
N12,2023-09-02 22:10:00,36.616736111111116,1.0824352558654178,34.8,38.41,0.34402899521455765,0.3788058767448514,24.0
N12,2023-09-03 10:10:00,36.54962673611111,1.0818060907416522,34.8,38.41,0.3633444146005689,0.3334464305436347,24.0
N12,2023-09-03 22:10:00,36.570703124999994,1.1211236769500554,34.8,38.37,0.3676625221197306,0.3633504390108293,24.0
N12,2023-09-04 10:10:00,36.584956597222224,1.1134977376078792,34.8,38.37,0.3801726449351744,0.3278612077200581,24.0
N12,2023-09-04 22:10:00,36.066050347222216,2.1679141599142766,24.99,38.37,0.0886964544234734,0.4109571187361406,12.0
N12,2023-09-05 10:10:00,34.91852430555556,3.89483700398408,23.49,38.37,0.26606818899969403,0.23961464748279834,48.0
N12,2023-09-05 22:10:00,34.732968750000005,3.7785829261217745,23.49,38.13,0.21081440026329848,0.24184341038314355,48.0
N12,2023-09-06 10:10:00,34.775781249999994,3.779527970701514,23.49,38.13,0.21601314278515243,0.23574766089371166,48.0
N12,2023-09-06 22:10:00,35.26960069444445,3.4540910245436285,23.49,38.41,0.19295803782637863,0.40704624840762144,48.0
N12,2023-09-07 10:10:00,36.45222222222222,0.8082682056619266,34.47,38.41,0.22440717213260047,0.3471409851800227,48.0
N12,2023-09-07 22:10:00,36.680590277777775,0.939040770275078,34.89,38.69,0.3828149698772388,0.3169666585640745,24.0
N12,2023-09-08 10:10:00,36.67697916666666,0.9757512630500408,34.89,38.69,0.38592317287031835,0.3523691189415159,24.0
N12,2023-09-08 22:10:00,36.6653125,1.0705316888295247,34.89,38.69,0.39567829358906476,0.3725766415276085,24.0
N12,2023-09-09 10:10:00,36.69076388888888,1.067657957257842,35.11,38.69,0.3677969105839193,0.3599113812031124,24.0
N12,2023-09-09 22:10:00,36.75409722222222,1.0903722689945319,35.2,38.69,0.463969198815389,0.30947004955896334,24.0
N12,2023-09-10 10:10:00,36.78414930555555,1.094939419271458,35.25,38.69,0.4519894118258129,0.3146942538055263,24.0
N12,2023-09-10 22:10:00,36.92092013888888,1.1013210283614365,35.25,38.69,0.5660120568912902,0.23909734774218291,24.0
N12,2023-09-11 10:10:00,36.98277777777778,1.0536811757176499,35.44,38.69,0.5556436518150772,0.27845186846796766,24.0
N12,2023-09-11 22:10:00,37.12730902777778,1.0619497995310583,35.44,38.68,0.6989796069865066,0.15366760225993517,24.0
N12,2023-09-12 10:10:00,37.17607638888889,1.0316581958447413,35.36,38.69,0.6874748965485359,0.1638094133674613,24.0
N12,2023-09-12 22:10:00,37.103611111111114,1.0380489585911152,35.36,38.69,0.5924896231974092,0.2138832531385586,24.0
N12,2023-09-13 10:10:00,37.043871527777775,1.1149768514763978,35.05,38.69,0.5688258216081576,0.24817452171123572,24.0
N12,2023-09-13 22:10:00,36.87508680555556,1.1376947297145887,35.02,38.69,0.38058174506950554,0.39528222676474,24.0
N12,2023-09-14 10:10:00,36.80942708333333,1.1874541737776867,35.02,38.62,0.37414486471610736,0.40594746352018984,24.0
N12,2023-09-14 22:10:00,36.83071180555556,1.1964252369034674,35.02,38.63,0.3732656115819572,0.3726626829074992,24.0
N12,2023-09-15 10:10:00,36.818124999999995,1.2042586289855308,35.02,38.63,0.40736413328334614,0.35849497624311183,24.0
N12,2023-09-15 22:10:00,36.80984375,1.1766633365284997,35.05,38.63,0.47900016920513383,0.35667884674929673,24.0
N12,2023-09-16 10:10:00,36.770555555555546,1.1505563435535686,35.09,38.63,0.5230323462705725,0.3363293677257655,24.0
N12,2023-09-16 22:10:00,36.908680555555556,1.1938184224299035,35.09,38.74,0.6347035532660975,0.21625878680977992,24.0
N12,2023-09-17 10:10:00,36.929027777777776,1.1391574124498798,35.09,38.74,0.624713882478305,0.22124576903198254,24.0
N12,2023-09-17 22:10:00,36.967274305555556,1.1049275842439306,35.27,38.74,0.6856850032529234,0.18542745385977333,24.0
N13,2023-08-16 14:40:00,20.02315104166667,0.4769628253875396,19.4,21.84,0.612492103834815,0.2209597963515545,24.0
N13,2023-08-17 02:40:00,19.896597222222223,0.3472660193337704,19.4,20.58,0.4654398668575203,0.1671614966266128,24.0
N13,2023-08-17 14:40:00,20.700069444444445,3.519451534253181,19.41,36.16,0.1170327679596178,0.37048773150426145,48.0
N13,2023-08-18 02:40:00,24.46017939814815,7.214944090952003,19.41,36.16,0.23310120347762206,0.04456029790965001,48.0
N13,2023-08-18 14:40:00,28.577900752314818,7.917198440792352,19.41,36.55,0.025006302106924467,0.04994334838032427,48.0
N13,2023-08-19 02:40:00,32.60381076388889,6.438608172864425,19.41,36.55,0.2738284123479164,0.07337593923261476,48.0
N13,2023-08-19 14:40:00,36.03983940972223,0.5300357396737679,34.99,37.13,0.4203864761427825,0.14163495117177788,24.0
N13,2023-08-20 02:40:00,36.264212962962965,0.41494828298375636,34.98,37.19,0.12258765818161163,0.17203446119035593,48.0
N13,2023-08-20 14:40:00,36.446196469907406,0.49058748456510226,34.98,37.31,0.44826226077429,0.22198272679639322,24.0
N13,2023-08-21 02:40:00,36.40736545138889,0.537067310057276,34.98,37.31,0.4633003186674841,0.20709892454641501,24.0
N13,2023-08-21 14:40:00,36.505321180555555,0.682422971726505,34.98,37.945,0.518273494999417,0.1632924422680468,24.0
N13,2023-08-22 02:40:00,36.5153515625,0.7167657178168658,35.315,37.97,0.5494098404823939,0.21695821354246164,24.0
N13,2023-08-22 14:40:00,36.67355642361111,0.8323515612491341,35.5,38.27,0.6961498388523354,0.17791100283509856,24.0
N13,2023-08-23 02:40:00,36.862831597222225,0.7267463037675349,35.5475,38.27,0.6545386689087376,0.21880833058632637,24.0
N13,2023-08-23 14:40:00,36.94298784722222,0.7565450585526331,35.7,38.53,0.7971453702982944,0.06283368218779281,24.0
N13,2023-08-24 02:40:00,37.06519270833334,0.6855543959429619,35.75,38.53,0.7601455105140598,0.14363446189696466,24.0
N13,2023-08-24 14:40:00,36.85559027777778,0.7051120371299008,35.3,38.53,0.49955420945416473,0.10518512649958829,24.0
N13,2023-08-25 02:40:00,36.90167534722222,0.7471026306881335,35.3,38.53,0.44200730446293174,0.21870719391862528,24.0
N13,2023-08-25 14:40:00,36.649036458333335,0.7382436107946504,35.26,38.16,0.5358699228007546,0.2606801621305435,24.0
N13,2023-08-26 02:40:00,36.69639756944444,0.7710200786816148,35.26,38.16,0.5803631157683712,0.23978084004529845,24.0
N13,2023-08-26 14:40:00,36.67879340277778,0.7836124130683548,35.26,38.03,0.5655716238474543,0.22149212779063152,24.0
N13,2023-08-27 02:40:00,36.73042534722222,0.7793159888122885,35.26,38.03,0.6386402626261835,0.17542242322480409,24.0
N13,2023-08-27 14:40:00,36.794733072916664,0.7690579202038006,35.47,38.03,0.5753247726597893,0.2291040239085034,24.0
N13,2023-08-28 02:40:00,36.868509114583325,0.7613953198401957,35.47,37.99,0.6086333395772308,0.22673192103970669,24.0
N13,2023-08-28 14:55:00,36.92178168402777,0.7164638089234434,35.49,37.98,0.5985668546589559,0.22280945301315222,24.0
N13,2023-08-29 02:55:00,37.02583550347222,0.763454388607029,35.49,38.24,0.697758885767768,0.15605726076750462,24.0
N13,2023-08-29 14:55:00,36.977968749999995,0.7492317465188101,35.59,38.24,0.7077348536640932,0.1376503058029912,24.0
N13,2023-08-30 02:55:00,36.97197916666667,0.8034937106560467,35.5,38.24,0.6330830534455529,0.15747504936010417,24.0
N13,2023-08-30 14:55:00,36.95212673611111,0.8456531209378034,35.5,38.28,0.631291324312047,0.21136485588144438,24.0
N13,2023-08-31 02:55:00,36.87778645833333,0.8330042086878213,35.35,38.28,0.5019331236047962,0.32762019949014104,24.0
N13,2023-08-31 14:55:00,36.83063368055556,0.9219881462642193,34.79,38.28,0.5389942727085537,0.248813641991955,24.0
N13,2023-09-01 02:55:00,36.85220486111112,0.9309949313495707,34.79,38.28,0.5113931589607188,0.2532638443942859,24.0
N13,2023-09-01 14:55:00,36.78921875,0.9681746037051109,34.79,38.26,0.5400805713513063,0.26612261861216224,24.0
N13,2023-09-02 02:55:00,36.87118055555556,1.0042771353674809,34.79,38.26,0.617705971349466,0.20886465228358575,24.0
N13,2023-09-02 14:55:00,36.9857638888889,0.9075268436962738,35.26,38.26,0.5406910620005136,0.2898017602188667,24.0
N13,2023-09-03 02:55:00,37.069531250000004,0.9398274566796786,35.26,38.54,0.6926500970681561,0.18343963480749775,24.0
N13,2023-09-03 14:55:00,37.14755208333333,0.8613815699751661,35.6,38.54,0.6521092950418171,0.20554954608901366,24.0
N13,2023-09-04 02:55:00,37.10824652777777,0.8716795420028377,35.66,38.54,0.5558956829120836,0.2807766735453175,24.0
N13,2023-09-04 14:55:00,37.07336805555556,0.9009436275875776,35.47,38.54,0.5756820637951758,0.21983213179515995,24.0
N13,2023-09-05 02:55:00,36.96901041666667,0.8972712645090757,35.27,38.3,0.40281875597435557,0.394611654480332,24.0
N13,2023-09-05 14:55:00,36.85149305555555,0.9927071121645361,35.1,38.3,0.48674167706946797,0.31026512082651564,24.0
N13,2023-09-06 02:55:00,36.891979166666665,1.0168306358979822,35.1,38.3,0.5681628723398819,0.26820309286570915,24.0
N13,2023-09-06 14:55:00,36.8896875,1.0289497546801059,35.1,38.33,0.5660589382692535,0.2637117519145478,24.0
N13,2023-09-07 02:55:00,36.987812500000004,1.0434835457046028,35.1,38.48,0.718573248713733,0.1544668281744383,24.0
N13,2023-09-07 14:55:00,37.128940972222225,0.9122663837109504,35.59,38.48,0.6914645506647986,0.16288822753611726,24.0
N13,2023-09-08 02:55:00,37.21418402777778,0.9398768171476275,35.59,38.53,0.7892694593049135,0.11154638061928696,24.0
N13,2023-09-08 14:55:00,37.21989583333334,0.9223870694106526,35.79,38.53,0.7834972890906479,0.12784286347202412,24.0
N13,2023-09-09 02:55:00,37.16125,0.9487758011423634,35.41,38.53,0.6334431674390899,0.2363864560765018,24.0
N13,2023-09-09 14:55:00,37.11274305555556,1.0069276237819222,35.41,38.53,0.6617193884034276,0.23911697815844576,24.0
N13,2023-09-10 02:55:00,37.064045138888886,0.995019432761789,35.41,38.57,0.6408219006727712,0.256087041892155,24.0
N13,2023-09-10 14:55:00,37.03162326388888,1.0459934366563857,35.27,38.57,0.6783126029293433,0.22237988453476532,24.0
N13,2023-09-11 02:55:00,37.01785590277777,1.0365088781979697,35.27,38.57,0.6913221962940671,0.19693453158257365,24.0
N13,2023-09-11 14:55:00,37.02605034722222,1.0361444788955416,35.27,38.57,0.6740154269100136,0.21022462014463433,24.0
N13,2023-09-12 02:55:00,37.02035590277777,1.012267593388665,35.27,38.5,0.6619271731260616,0.20044720404793195,24.0
N13,2023-09-12 14:55:00,37.07864583333333,0.9552077142400757,35.54,38.5,0.658694538055657,0.21212820641617272,24.0
N13,2023-09-13 02:55:00,37.16439236111111,0.9701782368877052,35.59,38.59,0.775682802905085,0.12764497274853928,24.0
N13,2023-09-13 14:55:00,37.20546403769841,0.9464444785550735,35.58,38.59,0.7637065469342449,0.11712821911328093,24.0
N14,2023-08-16 14:40:00,20.00453125,0.4859785356790167,19.38,21.93,0.5942274441144078,0.22952127563907737,24.0
N14,2023-08-17 02:40:00,19.879956597222222,0.3541743947235216,19.38,20.61,0.4629022401695928,0.16445673843201106,24.0
N14,2023-08-17 14:40:00,20.606805555555557,3.271814532734497,19.39,36.03333333333333,0.11465631606171382,0.37245120385931896,48.0
N14,2023-08-18 02:40:00,24.494487847222224,7.340259379283343,19.39,36.18,0.24439390971953592,0.041633425904930806,48.0
N14,2023-08-18 14:40:00,28.73699652777778,8.11882671713791,19.39,37.35,0.0215162092373721,0.04344379943792437,48.0
N14,2023-08-19 02:40:00,32.934583333333336,6.669572177180511,19.39,37.35,0.29041970386637683,0.06463095219217267,48.0
N14,2023-08-19 14:40:00,36.49111979166667,0.49111699050445007,35.64,37.49,0.26011226522400893,0.2393886679892274,48.0
N14,2023-08-20 02:40:00,36.609522569444444,0.4040001102639008,35.66,37.52,0.22361012212267797,0.3774762317785954,24.0
N14,2023-08-20 14:40:00,36.76447916666667,0.45331680034999006,35.76,38.03,0.4630430172223343,0.25889345085907917,24.0
N14,2023-08-21 02:40:00,36.654635416666665,0.5281494690688977,35.56,38.03,0.600295815177609,0.25363556647443564,24.0
N14,2023-08-21 14:40:00,36.79058159722222,0.6453920436783234,35.56,38.03,0.7226809406142859,0.16403959216013134,24.0
N14,2023-08-22 02:40:00,36.79435763888889,0.6549284769959448,35.56,38.03,0.760289699955697,0.11848197200623256,24.0
N14,2023-08-22 14:40:00,36.86958854166667,0.7155378655857919,35.56,38.16,0.7640651984276357,0.15292412159211174,24.0
N14,2023-08-23 02:40:00,36.88365972222222,0.7468680367656705,35.5,38.16,0.72699760315216,0.16862902363821808,24.0
N14,2023-08-23 14:40:00,36.83881597222222,0.7640414436604144,35.5,38.48,0.6974111759546331,0.15260779710054226,24.0
N14,2023-08-24 02:40:00,36.80181076388889,0.8536005008085393,34.84,38.48,0.6746655833032789,0.16239471213107398,24.0
N14,2023-08-24 14:40:00,36.49954861111111,0.8508217868124544,34.84,38.48,0.45766744840473017,0.10253086978547847,24.0
N14,2023-08-25 02:40:00,36.38378472222222,0.933112091807678,34.69,38.48,0.49303978514949487,0.11535003353627227,24.0
N14,2023-08-25 14:40:00,36.068124999999995,0.8645681474569962,34.61,37.84,0.43706783791857995,0.24714410046656027,24.0
N14,2023-08-26 02:40:00,35.9942013888889,0.8834609112262624,34.25,37.84,0.31507704291569716,0.24095998597547072,24.0
N14,2023-08-26 14:40:00,35.94241319444445,0.8596156942322256,34.25,37.82,0.28359963821562395,0.34711088019472486,24.0
N14,2023-08-27 02:40:00,35.97866319444445,0.8273704063717747,34.25,37.82,0.26140435850761135,0.3628086651009521,24.0
N14,2023-08-27 14:40:00,35.91859375,0.7956598424961119,34.25,38.02,0.25260376855690203,0.5038782865907695,24.0
N14,2023-08-28 02:40:00,35.8121875,0.7634389070801606,34.16,38.02,0.3052642524008145,0.29101577716837196,24.0
N14,2023-08-28 14:40:00,35.74979166666666,0.8146096276659829,34.14,38.02,0.3816142122089763,0.19960840026459079,24.0
N14,2023-08-29 02:40:00,35.78642361111111,0.829935623364665,34.14,38.02,0.4132540850579733,0.14132728297947852,24.0
N14,2023-08-29 14:40:00,35.917934027777775,0.8476932106024633,34.14,37.62,0.44394044997964516,0.09864202669277676,24.0
N14,2023-08-30 03:45:00,36.022083333333335,0.8324823940670601,34.14,37.62,0.4398474286054117,0.14804777764636612,24.0
N14,2023-08-30 15:45:00,36.08736111111111,0.8035215506875207,34.58,37.62,0.4702751115160849,0.1572934835304062,24.0
N14,2023-08-31 03:45:00,36.07036458333333,0.8390591037459715,34.58,37.62,0.3696428780500291,0.14687190600494748,24.0
N14,2023-08-31 15:45:00,36.07333333333333,0.8824974425521646,34.58,38.38,0.40518696972534685,0.09822752017267503,24.0
N14,2023-09-01 03:45:00,36.13560763888889,0.8795715767080917,34.58,38.38,0.35161873783235487,0.166559635948558,24.0
N14,2023-09-01 15:45:00,36.216579861111114,0.8470631067498142,34.66,38.38,0.3267889635036291,0.18611760493296414,24.0
N14,2023-09-02 03:45:00,36.303958333333334,0.8637193222965047,34.96,38.38,0.3562467930956845,0.29509253469486724,24.0
N14,2023-09-02 15:45:00,36.316805555555554,0.8270709720132328,34.96,37.91,0.33086793329280406,0.32718225086785147,24.0
N14,2023-09-03 03:45:00,36.33142361111111,0.8658662496138151,34.65,37.91,0.36794706510258923,0.27756072208352106,24.0
N14,2023-09-03 15:45:00,36.28697916666667,0.9751475527149585,34.57,37.99,0.43218968717230916,0.23716961427188032,24.0
N14,2023-09-04 03:45:00,36.33605902777778,0.9781685994836073,34.57,37.99,0.4253972568282075,0.18027851446163157,24.0
N14,2023-09-04 15:45:00,36.27407118055555,1.0365938798147711,34.39,37.99,0.4810786799956659,0.1821343474980414,24.0
N14,2023-09-05 03:45:00,34.88375868055555,3.539899310856318,23.97,37.99,0.2995618401213178,0.0633657017059132,48.0
N14,2023-09-05 15:45:00,34.424140625,3.86281566707422,23.97,37.98,0.294961033877195,0.15963665875633715,48.0
N14,2023-09-06 03:45:00,34.425703125000005,3.858361948740713,23.97,37.97,0.2919823772573029,0.14733977194924963,48.0
N14,2023-09-06 15:45:00,34.47928819444444,3.8761367526542836,23.97,37.98,0.28045340845385236,0.14382571292548565,48.0
N14,2023-09-07 03:45:00,35.982899305555556,2.1716578960873205,26.12,37.98,0.3156234227096232,0.20886692725886524,24.0
N14,2023-09-07 15:45:00,36.478680555555556,0.8715204597966335,34.84,38.13,0.49951774580900465,0.21055409574653836,24.0
N14,2023-09-08 03:45:00,36.473003472222224,0.8939648187765364,34.84,38.13,0.425927883211506,0.24004790583022897,24.0
N14,2023-09-08 15:45:00,36.510416666666664,0.8444233938348437,35.13,38.13,0.3812855317981492,0.2829719910235281,24.0
N14,2023-09-09 03:45:00,36.54190972222222,0.8769578288131018,35.13,38.13,0.4180090419198648,0.32213199465499354,24.0
N14,2023-09-09 15:45:00,36.560520833333335,0.8273265214998752,35.14,37.98,0.3357140616650909,0.4065673012830234,24.0
N14,2023-09-10 03:45:00,36.592013888888886,0.8308517883783745,35.16,37.95,0.3853508718223747,0.37564224222636583,24.0
N14,2023-09-10 15:45:00,36.65819444444445,0.8333945000699929,35.24,38.11,0.37177804322105157,0.3924206369604226,24.0
N14,2023-09-11 03:45:00,36.728550347222225,0.8629328770205332,35.24,38.28,0.523162496309852,0.26517533424552586,24.0
N14,2023-09-11 15:45:00,36.72764756944444,0.8525849557055774,35.3,38.28,0.5187679372583578,0.26006794262641797,24.0
N14,2023-09-12 03:45:00,36.80231639433551,0.8363338218766134,35.27,38.28,0.47203732312907043,0.2541848519358326,24.0
N14,2023-09-12 15:45:00,36.92758220413165,0.800585124914526,35.27,38.28,0.15671506789416628,0.3218789840847675,48.0
N14,2023-09-13 11:25:00,36.81150210455098,0.7933494797667161,35.27,38.16,0.01865771389885972,0.3961701359904656,48.0
N14,2023-09-14 01:15:00,37.0208333657517,0.7065257932732091,35.27,38.16,0.04454634067777946,0.4132883594205895,12.0
N14,2023-09-14 21:35:00,36.90806242154068,0.7442442620661687,35.1,38.23,0.20037434891468914,0.1688003654237822,16.0
N14,2023-09-15 19:30:00,36.866727954562606,0.7740254517570885,35.1,38.23,0.13405011289885763,0.14128560978343696,16.0
N14,2023-09-16 13:15:00,37.13995153132581,0.7418020904443,35.1,38.23,0.011851779713781934,0.07483942032298202,16.0
N14,2023-09-17 11:25:00,37.05095936419075,0.7751868438556297,35.1,38.23,0.004034949035072624,0.08828624818211134,16.0
N15,2023-08-16 14:45:00,20.047274305555554,0.4854059535586158,19.41,22.02,0.589435157273041,0.23383146658316237,24.0
N15,2023-08-17 02:45:00,19.916310763888887,0.34340918952183214,19.41,20.59,0.4437503130535483,0.16559350081096677,24.0
N15,2023-08-17 14:45:00,20.620225694444443,3.1664469164413163,19.43,36.45,0.11654345259053323,0.3619276247669956,48.0
N15,2023-08-18 02:45:00,24.50377604166667,7.292003892949098,19.43,36.45,0.24645472918249478,0.03820880170681525,48.0
N15,2023-08-18 14:45:00,28.759001736111113,8.109728870778568,19.43,37.65,0.022829298835968737,0.04172031382114374,48.0
N15,2023-08-19 02:45:00,33.01609375000001,6.694873820996044,19.43,37.65,0.296317205134763,0.062229091195988614,48.0
N15,2023-08-19 14:45:00,36.607866030092595,0.5395316721201172,35.52,37.65,0.20525247493764198,0.15599577314399543,48.0
N15,2023-08-20 02:45:00,36.732608506944445,0.4017423613868935,35.7,37.65,0.07695814660460516,0.34193793654704524,48.0
N15,2023-08-20 14:45:00,36.947527488425926,0.5117795751300603,35.7,38.41,0.33342707367697555,0.20791603080571866,24.0
N15,2023-08-21 02:45:00,36.78372974537037,0.5955986347379435,35.7,38.41,0.5163416604954787,0.23214120818972755,24.0
N15,2023-08-21 14:45:00,36.87854021990741,0.6702283290723227,35.7,38.41,0.6611707014050785,0.17676085327112354,24.0
N15,2023-08-22 02:45:00,36.90631163194445,0.6497087884051549,35.7,38.41,0.6837605037530524,0.1484946173769502,24.0
N15,2023-08-22 14:45:00,36.941412326388885,0.670996369729626,35.7,38.48,0.6979295590138949,0.15588274604071373,24.0
N15,2023-08-23 02:45:00,37.04573958333334,0.6218187008565501,35.96,38.48,0.7158906917710761,0.12886369162732533,24.0
N15,2023-08-23 14:45:00,37.03403530092592,0.6487876946571063,35.96,38.48,0.7272730363430935,0.062460228841618094,24.0
N15,2023-08-24 02:45:00,37.075948495370376,0.7002759962470538,35.6,38.48,0.7618859663478098,0.10860014942382291,24.0
N15,2023-08-24 14:45:00,36.79985243055555,0.7142624552357276,35.36,38.41,0.5235046458759588,0.0740725196042857,24.0
N15,2023-08-25 02:45:00,36.705425347222224,0.762425737264705,35.36,38.41,0.4541922223540894,0.1293669551005252,24.0
N15,2023-08-25 14:45:00,36.40731770833333,0.7159721451307176,34.98,38.05,0.40014102306542015,0.1763964356898192,24.0
N15,2023-08-26 02:45:00,36.34388020833333,0.7150631925435065,34.98,38.05,0.3555595181298756,0.26401014907547515,24.0
N15,2023-08-26 14:45:00,36.28285590277778,0.7061258827022994,34.98,37.61,0.2722557496522688,0.3874857952276004,24.0
N15,2023-08-27 02:45:00,36.40768229166667,0.7689581141733803,34.98,37.8,0.4091663199500963,0.24520268816948504,24.0
N15,2023-08-27 14:45:00,36.53927083333334,0.7579638451391956,35.09,38.28,0.3927581807557049,0.27820543559937083,24.0
N15,2023-08-28 02:45:00,36.74151041666667,0.783335977319895,35.1,38.28,0.5088783878076227,0.20354728094379052,24.0
N15,2023-08-28 14:45:00,36.79298611111111,0.7739583769503003,35.47,38.28,0.5680027916136956,0.18512166125500082,24.0
N15,2023-08-29 02:45:00,36.78786458333333,0.8073646186796023,35.38,38.28,0.46327577670207953,0.2985229142046162,24.0
N15,2023-08-29 14:45:00,36.75397569444445,0.858512921806795,35.3,38.24,0.5215733286754374,0.24777551286881952,24.0
N15,2023-08-30 02:45:00,36.69229166666666,0.8826817319569698,35.3,38.3,0.47627982770749205,0.3070263458975775,24.0
N15,2023-08-30 14:45:00,36.659687500000004,0.9167185058732134,35.16,38.3,0.48588763490707926,0.29084303382936133,24.0
N15,2023-08-31 02:45:00,36.71435763888889,0.9597552515760247,35.16,38.3,0.5105304403725239,0.27153843218628704,24.0
N15,2023-08-31 14:45:00,36.67428819444444,0.9787031776792786,35.16,38.3,0.509446465544337,0.3062700715639289,24.0
N15,2023-09-01 02:45:00,36.70671875,0.9916403169096443,35.16,38.33,0.478549780110176,0.29569437918237074,24.0
N15,2023-09-01 14:45:00,36.69065972222222,0.9862285673153114,35.32,38.33,0.5000736979887068,0.30274190692145736,24.0
N15,2023-09-02 02:45:00,36.757673611111116,1.003563687080122,35.32,38.33,0.5724233288317606,0.23833551060710242,24.0
N15,2023-09-02 14:45:00,36.76439236111111,0.9888872001719253,35.33,38.4,0.5808069111088647,0.2249848215505677,24.0
N15,2023-09-03 02:45:00,36.685885416666665,1.011935154890862,34.91,38.4,0.538019548327145,0.3267264999207986,24.0
N15,2023-09-03 14:45:00,36.69637152777778,1.0668843499338514,34.91,38.4,0.5416890828330472,0.2903422519200041,24.0
N15,2023-09-04 02:45:00,36.51069444444445,1.066698341181914,34.66,38.4,0.47027639096700635,0.4009533552520793,24.0
N15,2023-09-04 14:45:00,36.43055555555556,1.1491020590236836,34.66,38.35,0.5181046032984264,0.33538985963039597,24.0
N15,2023-09-05 02:45:00,34.654583333333335,4.0789614670042615,24.07,38.35,0.3524135450843488,0.037150927813694085,24.0
N15,2023-09-05 14:45:00,34.185972222222226,4.592755713552299,24.07,38.35,0.38543896945003125,0.05770236907906542,24.0
N15,2023-09-06 02:45:00,34.233211805555555,4.592397553777761,24.07,38.35,0.3655184077400555,0.04966187127640377,48.0
N15,2023-09-06 14:45:00,34.30491319444444,4.61341390292341,24.07,38.46,0.35764488457928606,0.05093243223540079,48.0
N15,2023-09-07 02:45:00,36.05815972222222,2.661863920271727,24.44,38.46,0.2157381050095793,0.37340764859356773,24.0
N15,2023-09-07 14:45:00,36.512499999999996,0.9361985410869498,34.92,38.47,0.4517060224067597,0.3297613653338084,24.0
N15,2023-09-08 02:45:00,36.590868055555546,1.038996716566086,34.92,38.55,0.4190412907552568,0.3628938057148885,24.0
N15,2023-09-08 14:45:00,36.56241319444444,1.0747413655766032,34.87,38.55,0.45445988816681476,0.3263440976968767,24.0
N15,2023-09-09 02:45:00,36.71182291666667,1.1456980116589495,34.87,38.55,0.6351532601856392,0.19970112033521487,24.0
N15,2023-09-09 14:45:00,36.77085069444444,1.1065576966616717,34.87,38.55,0.6161569246999692,0.227017848777304,24.0
N15,2023-09-10 02:45:00,36.83090277777778,1.122070514962335,34.87,38.53,0.7051842063660232,0.18242405750353194,24.0
N15,2023-09-10 14:45:00,36.95682291666666,1.0185059233326605,35.3,38.59,0.6774172231703752,0.21053369208961006,24.0
N15,2023-09-11 02:45:00,37.02482638888889,1.032015273828221,35.48,38.59,0.7605843965291369,0.14980279809922523,24.0
N15,2023-09-11 14:45:00,37.02477430555555,1.0114788838109035,35.54,38.59,0.7428940052163863,0.16416266557564702,24.0
N15,2023-09-12 02:45:00,36.99217013888889,0.9947699930679021,35.54,38.59,0.6569576709572589,0.20615523066760486,24.0
N15,2023-09-12 14:45:00,36.92660590277777,1.0631562430414143,35.33,38.56,0.6690990442887337,0.19287791624624065,24.0
N15,2023-09-13 02:45:00,36.768289930555554,1.0542092716864697,35.11,38.56,0.5061048600239163,0.31380204818332363,24.0
N15,2023-09-13 14:45:00,36.731137152777784,1.1273385263815459,34.97,38.56,0.5321594263119408,0.2582245476654767,24.0
N15,2023-09-14 02:45:00,36.70363715277777,1.1403291322246514,34.97,38.58,0.5566486316049674,0.2459591202090421,24.0
N15,2023-09-14 14:45:00,36.630624999999995,1.1711587440733404,34.95,38.58,0.5725578600740348,0.23000451902829094,24.0
N15,2023-09-15 02:45:00,36.666354166666665,1.1603103210920078,34.95,38.58,0.6456203510586,0.16589422994522374,24.0
N15,2023-09-15 14:45:00,36.64806423611111,1.1043495655305933,34.95,38.58,0.6586040358149018,0.1841279324501751,24.0
N15,2023-09-16 02:45:00,36.70509548611111,1.0987855272889355,34.95,38.55,0.7324153740609582,0.12813138587686332,24.0
N15,2023-09-16 14:45:00,36.71980034722222,1.0662915209773602,35.13,38.55,0.6919040886847183,0.15556908114556345,24.0
N15,2023-09-17 02:45:00,36.65839409722222,1.0689382871341397,34.81,38.59,0.5002794001215812,0.298331525297336,24.0
N15,2023-09-17 14:45:00,36.65116319444444,1.0986559976377277,34.81,38.59,0.49947161646143745,0.3165938177123233,24.0
N16,2023-08-16 14:40:00,20.06866898148148,0.49886256774819604,19.42,22.03,0.6019850338629379,0.2330937196529152,24.0
N16,2023-08-17 02:40:00,19.941300636574073,0.36706924744208597,19.42,20.75,0.46658086881692157,0.18690669556248155,24.0
N16,2023-08-17 14:40:00,20.449730902777777,2.7643303790288347,19.45,35.99333333333333,0.09844706124852536,0.38064835905170996,48.0
N16,2023-08-18 02:40:00,24.519457465277778,7.5369916595718225,19.45,36.92,0.2653611529488228,0.04299424745295659,48.0
N16,2023-08-18 14:40:00,28.888414351851857,8.431259440729272,19.45,37.59,0.00876736914072635,0.038349054693634164,48.0
N16,2023-08-19 02:40:00,33.16947627314815,7.038480892677304,19.45,37.59,0.2911747224441906,0.06530370003250784,48.0
N16,2023-08-19 14:40:00,36.99468315972222,0.2895847524744881,36.065,37.63,0.13903772916641766,0.29193901058019317,48.0
N16,2023-08-20 02:40:00,37.004609375,0.3194730917059314,36.14,37.63,0.2679704587382012,0.15649726575627232,24.0
N16,2023-08-20 14:40:00,37.03914930555556,0.3910263515087228,36.14,37.97,0.22206798264129485,0.3225742183702176,24.0
N16,2023-08-21 02:40:00,36.866549479166665,0.5044316472093904,35.94,37.97,0.5208990775899724,0.20198911617135334,24.0
N16,2023-08-21 14:40:00,36.9960546875,0.6307209156605262,35.94,38.26,0.598397705546112,0.1473350428206921,24.0
N16,2023-08-22 02:40:00,37.040577256944445,0.6420762039398984,35.94,38.26,0.5284109169405032,0.1406938052515858,24.0
N16,2023-08-22 14:40:00,37.10265861742424,0.6434182256767387,35.94,38.26,0.6893488875576674,0.10709570732093257,24.0
N16,2023-08-23 02:40:00,37.13735532407408,0.6332371605860878,35.836666666666666,38.26,0.7043972336358679,0.11854011247677157,24.0
N16,2023-08-23 14:40:00,37.051762152777776,0.6201870802106362,35.83,38.26,0.6751307956196781,0.12077371076367127,24.0
N16,2023-08-24 02:40:00,36.944348958333336,0.7940273876111276,35.2,38.39,0.687449075606329,0.09562853039290256,24.0
N16,2023-08-24 14:40:00,36.70480666035353,0.8137824032801757,35.18,38.39,0.544067011112917,0.16991199299130033,24.0
N16,2023-08-25 02:40:00,36.6065943287037,0.9076327345465564,35.07,38.39,0.6064129024338965,0.15675681411639417,24.0
N16,2023-08-25 14:40:00,36.361302083333335,0.8185332870928298,35.07,38.39,0.5534091083032735,0.26803823073882554,24.0
N16,2023-08-26 02:40:00,36.395234375,0.7343583548460849,35.07,37.86,0.48386972254038296,0.2663096319744606,24.0
N16,2023-08-26 14:40:00,36.31615451388889,0.7468847422054804,35.07,37.95,0.453264910838895,0.26930918076961324,24.0
N16,2023-08-27 02:40:00,36.45572048611111,0.7257453974648619,35.16,37.95,0.4855112795302861,0.24961097946284302,24.0
N16,2023-08-27 14:40:00,36.52205729166667,0.7569386064994515,35.21,38.02,0.455317096815833,0.24243032531165046,24.0
N16,2023-08-28 02:40:00,36.50829861111111,0.783665413474302,35.21,38.02,0.37764716115727326,0.2650072366600599,24.0
N16,2023-08-28 14:40:00,36.556788194444444,0.7660771716453796,35.37,38.02,0.4313956857430928,0.23120943854210008,24.0
N16,2023-08-29 02:40:00,36.52614583333333,0.8190283069720653,34.78,38.02,0.2810830836393765,0.381959935294432,24.0
N16,2023-08-29 14:40:00,36.41295138888889,0.8732462411238652,34.7,38.08,0.3839115870691255,0.28222369424964183,24.0
N16,2023-08-30 02:40:00,36.51501736111111,0.9240669090906618,34.7,38.11,0.4188952866530014,0.26671189640550513,24.0
N16,2023-08-30 14:40:00,36.47114583333333,0.9725174942242144,34.7,38.11,0.46925861362557897,0.26878193334504075,24.0
N16,2023-08-31 02:40:00,36.6003125,1.0227464210887873,34.7,38.18,0.5443147144725761,0.24624571579519586,24.0
N16,2023-08-31 14:40:00,36.644921874999994,1.0120879022813798,35.08,38.33,0.5276230731762547,0.2903901193239879,24.0
N16,2023-09-01 02:40:00,36.705494791666666,1.0445377844908466,35.08,38.33,0.5113556292208798,0.28626196337574256,24.0
N16,2023-09-01 14:40:00,36.764765625,0.9981945884384485,35.08,38.41,0.4526871514788069,0.3604522551859993,24.0
N16,2023-09-02 02:40:00,36.78498263888889,0.9899634794631638,35.3,38.41,0.4307059951187195,0.36899001352038063,24.0
N16,2023-09-02 14:40:00,36.79657118055556,0.9570189837255614,35.26,38.41,0.3945726794275825,0.4174258152102895,24.0
N16,2023-09-03 02:40:00,36.797092013888886,0.992302714546994,35.08,38.44,0.42532095738581976,0.3958247324330115,24.0
N16,2023-09-03 14:40:00,36.80415798611111,1.0043748631190395,35.08,38.44,0.447201445339815,0.3588571199579877,24.0
N16,2023-09-04 02:40:00,36.81744110513026,0.9750794484494583,35.08,38.44,0.6051216478543398,0.22001113032003844,24.0
N16,2023-09-04 14:40:00,37.05927357040803,0.9191884835937001,35.08,38.44,0.40406465643601847,0.23560550842471104,24.0
N16,2023-09-05 08:55:00,35.62135256346359,3.4138852528271246,24.47,38.39,0.23634208337973586,0.08019855760913565,48.0
N16,2023-09-05 21:05:00,35.69594457735248,3.43721136251026,24.47,38.38,0.2709660839546989,0.09975738850231837,48.0
N16,2023-09-06 09:05:00,35.47287847222222,3.3561296535803535,24.47,38.28,0.3534311375952331,0.10758830474067065,24.0
N16,2023-09-06 21:05:00,35.36818142361111,3.3088536712338907,24.47,38.33,0.33124999118351134,0.1325824886713264,24.0
N16,2023-09-07 09:05:00,36.60828993055556,0.8311636541932191,34.3,38.33,0.37478050503435073,0.360843620397417,24.0
N16,2023-09-07 21:05:00,36.708072916666666,0.8740766566083344,35.26,38.52,0.47892696233661514,0.30943620033883,24.0
N16,2023-09-08 09:05:00,36.72090277777777,0.899154821666223,35.26,38.52,0.4770138826047804,0.3689880932256167,24.0
N16,2023-09-08 21:05:00,36.79743055555556,0.9793425349350576,35.26,38.52,0.6177752228658092,0.2534533371793945,24.0
N16,2023-09-09 09:05:00,36.85894097222222,1.0065604714207848,35.26,38.52,0.6151096748277398,0.27275894027963127,24.0
N16,2023-09-09 21:05:00,36.928906250000004,1.0334437196898982,35.29,38.52,0.6680079097049814,0.21749606780607642,24.0
N16,2023-09-10 09:05:00,36.98487847222222,1.0096831456825668,35.34,38.52,0.6616524932592268,0.239970976441669,24.0
N16,2023-09-10 21:05:00,36.994027777777774,0.9986326203061394,35.54,38.52,0.6136507171194049,0.27097952870125497,24.0
N16,2023-09-11 09:05:00,36.96092013888889,0.9938491497763088,35.4,38.52,0.6153199565836404,0.2773282636941726,24.0
N16,2023-09-11 21:05:00,37.025798611111114,0.9909885922643464,35.4,38.45,0.6908444753942836,0.19587298511088894,24.0
N16,2023-09-12 09:05:00,37.02482638888889,1.007207690086952,35.4,38.51,0.6782410109415336,0.21260393479226383,24.0
N16,2023-09-12 21:05:00,36.98741319444444,1.0063386310688178,35.4,38.51,0.6358702553079223,0.22799745828352516,24.0
N16,2023-09-13 09:05:00,36.950572916666665,1.0359463860750944,35.35,38.51,0.6301498931284792,0.21900629233851726,24.0
N16,2023-09-13 21:05:00,36.844097222222224,1.0049945848350823,35.35,38.51,0.5302018845515909,0.30786784317633314,24.0
N16,2023-09-14 09:05:00,36.811406250000005,1.0005250018891991,35.35,38.46,0.5183310748113145,0.328634768631904,24.0
N16,2023-09-14 21:05:00,36.849782986111116,1.020586788147428,35.35,38.48,0.5959763321930556,0.2653640932075995,24.0
N16,2023-09-15 09:05:00,36.89709201388889,1.0311937308918562,35.27,38.49,0.58456131500218,0.2674332086921918,24.0
N16,2023-09-15 21:05:00,36.92703993055556,1.0440862549524106,35.27,38.49,0.6923895372881229,0.23928249215469485,24.0
N16,2023-09-16 09:05:00,36.839296874999995,1.1008045828272917,35.13,38.49,0.6748307315841371,0.20290694350781632,24.0
N16,2023-09-16 21:05:00,36.85664930555556,1.1089979470034428,35.13,38.49,0.6721436201511046,0.19942055567570718,24.0
N16,2023-09-17 09:05:00,36.788975694444446,1.077973033299234,35.13,38.47,0.7026271329973335,0.197038424468112,24.0
N16,2023-09-17 21:05:00,36.83267361111111,1.0940945351310494,35.13,38.55,0.7270291811197337,0.18064740637294474,24.0
N2,2023-08-16 13:55:00,36.843602430555556,0.6837942786898249,35.54,38.26,0.5885075901166666,0.1327864584129364,24.0
N2,2023-08-17 01:55:00,36.89369791666666,0.6576134294815977,35.63,38.26,0.5106685097128658,0.15871005403416424,24.0
N2,2023-08-17 13:55:00,36.9522734375,0.6668123114239415,35.63,38.26,0.4384131028263271,0.24571742120636123,24.0
N2,2023-08-18 01:55:00,36.7963515625,0.9121748086522689,34.786,38.26,0.461626167071249,0.3140465134613181,24.0
N2,2023-08-18 13:55:00,36.66995052083334,0.9084046953612249,34.786,38.230000000000004,0.33785026232507154,0.3503106347875133,24.0
N2,2023-08-19 01:55:00,36.57643142361111,1.00051002698158,34.786,38.230000000000004,0.4206788396937023,0.31663490680818396,24.0
N2,2023-08-19 13:55:00,36.581883680555556,1.061064472402496,34.786,38.464,0.38424307851928513,0.34144110387013676,24.0
N2,2023-08-20 01:55:00,36.57772048611111,1.0283146979658233,34.934,38.464,0.40364351778831925,0.29320481562067424,24.0
N2,2023-08-20 13:55:00,36.67165711805555,1.069179466611819,34.934,38.464,0.5266366889103503,0.2745234902672323,24.0
N2,2023-08-21 01:55:00,36.65725954861111,1.075521513072814,34.934,38.464,0.537417700810502,0.2294401092508229,24.0
N2,2023-08-21 13:55:00,36.64530121527778,1.0498439872431553,34.934,38.278,0.6248479921244795,0.22685871790814732,24.0
N2,2023-08-22 01:55:00,36.68508246527777,1.0246149660740618,34.968,38.278,0.5850077014692594,0.1816238116157683,24.0
N2,2023-08-22 13:55:00,36.70644618055556,1.0225874065564822,34.968,38.278,0.622374979806011,0.12516370048391523,24.0
N2,2023-08-23 01:55:00,36.651098958333336,1.0228726342859786,34.84,38.278,0.6299356401508269,0.08890505636267595,24.0
N2,2023-08-23 13:55:00,36.63958506944445,1.0735956313103854,34.78,38.48,0.6647929460535162,0.05146743344262155,24.0
N2,2023-08-24 01:55:00,36.624411458333334,1.1014419017786214,34.78,38.48,0.7253321620431564,0.08401315687843064,24.0
N2,2023-08-24 13:55:00,36.456319444444446,1.0523509966629332,34.78,38.48,0.6385294545788349,0.08728325702869957,24.0
N2,2023-08-25 01:55:00,36.517968749999994,1.067334852107546,34.75,38.48,0.636380357063192,0.09486571778971174,24.0
N2,2023-08-25 13:55:00,36.34671875,0.9800959229180884,34.75,38.46,0.5318333247024442,0.10235372305675877,24.0
N2,2023-08-26 01:55:00,36.463559027777784,0.9194136907345711,34.75,38.46,0.47711381214543025,0.13440895500014582,24.0
N2,2023-08-26 13:55:00,36.300625,0.9349992340683136,34.68,38.05,0.5285665543995293,0.10950819653950047,24.0
N2,2023-08-27 01:55:00,36.40642361111111,0.9159501296457525,34.68,38.09,0.5965557498283406,0.20045223215994512,24.0
N2,2023-08-27 13:55:00,36.38748263888889,0.9570012933079225,34.68,38.24,0.5535783949348494,0.20674656502544028,24.0
N2,2023-08-28 01:55:00,36.45373263888889,0.9944391171332225,34.68,38.24,0.5129432474715566,0.203619464941003,24.0
N2,2023-08-28 13:55:00,36.482586805555556,0.9603730518474556,34.83,38.24,0.4524646628871476,0.2601912686252298,24.0
N2,2023-08-29 01:55:00,36.54538194444444,0.968040435454014,34.96,38.24,0.4547712552112785,0.239226777482638,24.0
N2,2023-08-29 13:55:00,36.496805555555554,0.9212522823564202,34.96,38.12,0.4797846161617048,0.279221068550381,24.0
N2,2023-08-30 01:55:00,36.49480902777778,0.9190882587752383,34.96,38.12,0.4754199339569336,0.31123633703329734,24.0
N2,2023-08-30 13:55:00,36.506875,0.939585989464095,35.02,38.18,0.47474869214829124,0.3439441864969044,24.0
N2,2023-08-31 01:55:00,36.59005208333333,1.0001198699314855,34.75,38.28,0.5200510056174831,0.27902060647985,24.0
N2,2023-08-31 13:55:00,36.56899305555555,1.0651379148868716,34.75,38.28,0.5432115633081539,0.27160931494643836,24.0
N2,2023-09-01 01:55:00,36.57189236111111,1.0768019759260818,34.75,38.28,0.5240389792927616,0.25359404961509063,24.0
N2,2023-09-01 13:55:00,36.5478125,1.0814185351551373,34.75,38.48,0.5357202363130726,0.2549407521276592,24.0
N2,2023-09-02 01:55:00,36.49576388888889,1.056612662829451,34.83,38.48,0.51228851394555,0.296011443016831,24.0
N2,2023-09-02 13:55:00,36.50647569444445,1.0265429999075733,34.95,38.48,0.4677116140017712,0.31822480184163326,24.0
N2,2023-09-03 01:55:00,36.50557291666667,1.0399484253183178,35.0,38.48,0.5160035435654313,0.3297829239912554,24.0
N2,2023-09-03 13:55:00,36.520451388888894,1.0360695314629462,35.0,38.23,0.48856893395314493,0.3334747908201317,24.0
N2,2023-09-04 01:55:00,36.506406250000005,1.022978749760198,35.0,38.23,0.5063719545178468,0.2619223226304229,24.0
N2,2023-09-04 13:55:00,36.51090277777777,1.0473845820757828,34.99,38.36,0.5349424881429479,0.22881016967781698,24.0
N2,2023-09-05 01:55:00,36.15946180555555,1.7757552839291497,28.46,38.36,0.34053482080509606,0.23275003946025288,24.0
N2,2023-09-05 13:55:00,35.78975694444445,2.1067204659089334,28.46,38.36,0.3721175909324498,0.1778384027645145,24.0
N2,2023-09-06 01:55:00,35.693524305555556,2.0382397028354626,28.46,38.36,0.3259603370577869,0.19328671970706646,24.0
N2,2023-09-06 13:55:00,35.65598958333333,2.0342095260136865,28.46,38.15,0.31622118285907,0.20576995473647017,24.0
N2,2023-09-07 01:55:00,35.97918402777778,1.5278137273824388,30.73,38.1,0.3953253228638015,0.13035868029801262,24.0
N2,2023-09-07 13:55:00,36.291423611111114,0.9508549083139539,34.82,38.1,0.4105244359453298,0.2994124828680304,24.0
N2,2023-09-08 01:55:00,36.353593749999995,0.9585493062231787,34.82,38.23,0.45672425683838536,0.26459350259179387,24.0
N2,2023-09-08 13:55:00,36.354375,0.9635596394720175,34.82,38.39,0.4747769734097387,0.2606911677729736,24.0
N2,2023-09-09 01:55:00,36.419565972222216,1.005232829142858,34.82,38.39,0.5559908041768309,0.21646040854838675,24.0
N2,2023-09-09 13:55:00,36.485954861111104,1.0038416441718243,34.84,38.39,0.5230893825394481,0.2324540708485671,24.0
N2,2023-09-10 01:55:00,36.54628472222222,1.1112987032396577,34.84,38.42,0.5486981370605208,0.22977361920307401,24.0
N2,2023-09-10 13:55:00,36.57508680555556,1.0555095166255102,34.91,38.42,0.523096410387162,0.2140007632990351,24.0
N2,2023-09-11 01:55:00,36.55145833333333,1.0423067824875,34.91,38.42,0.49128886462268445,0.21619390010366688,24.0
N2,2023-09-11 13:55:00,36.52571180555555,1.0787784920916426,34.91,38.44,0.5057253530663985,0.20750469480490574,24.0
N2,2023-09-12 01:55:00,36.59802083333333,1.0760895187407737,34.91,38.44,0.5595115474027258,0.18594867426524125,24.0
N2,2023-09-12 13:55:00,36.580000000000005,1.1350105542827933,34.72,38.44,0.6005072151964611,0.19588672949564345,24.0
N2,2023-09-13 01:55:00,36.63091145833333,1.1563543094723925,34.72,38.44,0.6007722383962483,0.1610703095423732,24.0
N2,2023-09-13 13:55:00,36.62910590277778,1.1706911720781976,34.72,38.42,0.6235492055678132,0.15906196397789987,24.0
N2,2023-09-14 01:55:00,36.59105034722222,1.1566629814572138,34.72,38.38,0.5831415612719025,0.17289270649885177,24.0
N2,2023-09-14 13:55:00,36.55952256944445,1.1432195139733703,34.59,38.38,0.5364873654207462,0.2170015569072232,24.0
N2,2023-09-15 01:55:00,36.50536458333334,1.1700377809052407,34.59,38.38,0.5137233454614926,0.2766593394512417,24.0
N2,2023-09-15 13:55:00,36.46616319444445,1.1351086131491344,34.59,38.38,0.49327482963561786,0.2784782956468926,24.0
N2,2023-09-16 01:55:00,36.3425,1.09072335198049,34.59,38.38,0.4411399612453889,0.3048147605483477,24.0
N2,2023-09-16 13:55:00,36.34310763888889,1.088596778769441,34.71,38.32,0.4600628375156062,0.30681038736029304,24.0
N2,2023-09-17 01:55:00,36.31359375,1.0088819624354497,34.71,38.18,0.45352150910772493,0.28803788170433864,24.0
N2,2023-09-17 13:55:00,36.29836805555556,1.0223029098731493,34.71,38.34,0.4901458680397175,0.281422928883713,24.0
N3,2023-08-16 14:00:00,36.331152343750006,0.7428244673881297,34.54,38.27,0.1418515971854695,0.21245376818245162,48.0
N3,2023-08-17 02:00:00,36.46151041666667,0.6187236886377171,35.2825,38.27,0.05487432677198154,0.30622202782273444,48.0
N3,2023-08-17 14:00:00,36.663723958333335,0.5930974702180792,35.63,38.27,0.2785422102407845,0.38333832769302617,24.0
N3,2023-08-18 02:00:00,36.59067534722222,0.7296878140427298,35.233999999999995,38.354,0.4257593350423326,0.3242091051981767,24.0
N3,2023-08-18 14:00:00,36.54194097222222,0.7278039605046234,35.233999999999995,38.354,0.4136879576433293,0.3255278139723917,24.0
N3,2023-08-19 02:00:00,36.47488657407408,0.8643281453278355,34.832,38.354,0.44898318020256645,0.3005208920611197,24.0
N3,2023-08-19 14:00:00,36.53100462962963,0.9061478147891131,34.832,38.354,0.46994383603668677,0.29116992513739787,24.0
N3,2023-08-20 02:00:00,36.49386400462963,0.9461505330734624,34.832,38.336,0.5033062684413258,0.27895113738662647,24.0
N3,2023-08-20 14:00:00,36.525763310185184,0.971531425076705,34.832,38.336,0.5881550884618933,0.2209478278211791,24.0
N3,2023-08-21 02:00:00,36.580269675925926,0.9513672749970898,35.052,38.336,0.5756831711542408,0.2251306289380853,24.0
N3,2023-08-21 14:00:00,36.598273148148145,0.9725025220164524,35.052,38.336,0.6421301100985927,0.21033623593248982,24.0
N3,2023-08-22 02:00:00,36.640474537037036,0.9505266401536364,35.086,38.192,0.6415594120118452,0.17759088335550294,24.0
N3,2023-08-22 14:00:00,36.68312905092593,0.987391561543483,35.086,38.438,0.6815113861956276,0.15523236957449474,24.0
N3,2023-08-23 02:00:00,36.702131944444446,0.9869616148151059,35.08,38.438,0.6862136560655252,0.1472932336551884,24.0
N3,2023-08-23 14:00:00,36.65717708333333,0.9996842521807372,35.08,38.438,0.6981793365908653,0.10043683162673907,24.0
N3,2023-08-24 02:00:00,36.71409722222222,1.0085569935793615,35.08,38.438,0.705576647119055,0.12620542829526188,24.0
N3,2023-08-24 14:00:00,36.516272569444446,0.9682584184720572,35.06,38.42,0.6951735136962215,0.08233641210145892,24.0
N3,2023-08-25 02:00:00,36.53397569444444,0.9639112990648029,34.88,38.42,0.6820448703570773,0.13296153464928268,24.0
N3,2023-08-25 14:00:00,36.38236111111111,0.9237985712017104,34.88,38.42,0.6391991689795538,0.14851854502996134,24.0
N3,2023-08-26 02:00:00,36.36536458333333,0.8762823177562848,34.88,38.31,0.6180230084651088,0.14706392760994721,24.0
N3,2023-08-26 14:00:00,36.311875,0.8832043685338191,34.88,38.31,0.5703168294642316,0.14062127076206957,24.0
N3,2023-08-27 02:00:00,36.3421875,0.8850194636022762,34.97,38.31,0.6171440966984764,0.1603054001586918,24.0
N3,2023-08-27 14:00:00,36.32026041666667,0.9151738421468492,34.75,38.31,0.6223118468308482,0.15779990296655952,24.0
N3,2023-08-28 02:00:00,36.37133680555556,0.9357046426243081,34.75,38.23,0.5504657397754187,0.25365137092985396,24.0
N3,2023-08-28 14:00:00,36.340633680555555,0.9968653070815747,34.7,38.39,0.560993363344288,0.23238646716282108,24.0
N3,2023-08-29 02:00:00,36.417230902777774,1.0319008117186328,34.7,38.39,0.5200271786278682,0.29211834528384023,24.0
N3,2023-08-29 14:00:00,36.370425347222216,1.0309917360021565,34.7,38.39,0.5499671121034315,0.26891196104148407,24.0
N3,2023-08-30 02:00:00,36.40549479166666,1.0584279271902297,34.7,38.39,0.5306972680653228,0.2605327567088677,24.0
N3,2023-08-30 14:00:00,36.38319444444445,1.0081717520521005,34.89,38.31,0.5308609975726569,0.2815554175111708,24.0
N3,2023-08-31 02:00:00,36.40951388888888,0.9899272769734087,34.89,38.29,0.5237619895654152,0.24162272140717853,24.0
N3,2023-08-31 14:00:00,36.443576388888886,1.0049634050818104,34.89,38.46,0.4751771753528135,0.28049336816772813,24.0
N3,2023-09-01 02:00:00,36.48147569444444,1.0121642495955092,34.88,38.46,0.45558672162384845,0.268768389724642,24.0
N3,2023-09-01 14:00:00,36.49008680555555,1.0300958151056283,34.88,38.46,0.4531366506957206,0.284927154560202,24.0
N3,2023-09-02 02:00:00,36.451024305555556,1.0424019868491317,34.66,38.46,0.3767808782990238,0.3035653993392002,24.0
N3,2023-09-02 14:00:00,36.41883680555556,1.025976432494548,34.66,38.3,0.3834721350274741,0.31197692943252314,24.0
N3,2023-09-03 02:00:00,36.39852430555556,1.0216320392953597,34.66,38.3,0.3904020130613789,0.2663632308797396,24.0
N3,2023-09-03 14:00:00,36.35760416666667,1.0262823057491297,34.66,38.23,0.38335026068752975,0.2723799572579129,24.0
N3,2023-09-04 02:00:00,36.402890625000005,1.0109237663152442,34.88,38.48,0.4208071926106868,0.27783121021962326,24.0
N3,2023-09-04 14:00:00,36.351901041666665,1.0690184388021167,34.67,38.48,0.4690725663413968,0.26308942650230255,24.0
N3,2023-09-05 02:00:00,36.108133680555554,1.4176977979688126,30.12,38.48,0.3336277398760639,0.3128701956067372,24.0
N3,2023-09-05 14:00:00,35.680043402777784,1.9289968085386535,29.0,38.48,0.36849574278581,0.28590302178524957,24.0
N3,2023-09-06 02:00:00,35.61232638888889,1.8743816029481013,29.0,38.43,0.37285837184545406,0.3082348752325083,24.0
N3,2023-09-06 14:00:00,35.60064236111111,1.8897053260539451,29.0,38.3,0.3835353360398691,0.30610000162155043,24.0
N3,2023-09-07 02:00:00,35.79097222222222,1.671977089591028,29.0,38.3,0.4079070757077118,0.2810414961807095,24.0
N3,2023-09-07 14:00:00,36.18404513888889,1.0467040489164243,34.28,38.3,0.448427650471578,0.2975528710913177,24.0
N3,2023-09-08 02:00:00,36.20319444444445,1.0977074612685709,33.92,38.3,0.4704725086201398,0.30205397694368485,24.0
N3,2023-09-08 14:00:00,36.181406249999995,1.0851601271828983,33.92,38.28,0.49259763814470525,0.29912557334092366,24.0
N3,2023-09-09 02:00:00,36.24876736111111,1.1619474678751056,33.92,38.29,0.49135015844357566,0.3221374347375188,24.0
N3,2023-09-09 14:00:00,36.25869791666667,1.1515981674617302,33.92,38.38,0.5070575530456715,0.30514661746669175,24.0
N3,2023-09-10 02:00:00,36.336493055555565,1.1687296611214706,34.14,38.38,0.48808224737072403,0.28175760481480894,24.0
N3,2023-09-10 14:00:00,36.367031250000004,1.123169671124781,34.29,38.43,0.47109359214138535,0.3282363434828944,24.0
N3,2023-09-11 02:00:00,36.276050347222224,1.0543011603433188,34.57,38.43,0.43847822693432387,0.2625797007995105,24.0
N3,2023-09-11 14:00:00,36.32301215277778,1.025614990738391,34.55,38.55,0.429607505005998,0.25643482728856665,24.0
N3,2023-09-12 02:00:00,36.30438368055555,0.9799929635931112,34.55,38.55,0.4797404288268594,0.2397291434220748,24.0
N3,2023-09-12 14:00:00,36.290303819444446,1.031679011631509,34.55,38.55,0.5015411258232092,0.20851207057036675,24.0
N3,2023-09-13 02:00:00,36.38725694444444,1.0840567023820997,34.55,38.55,0.5681156840435377,0.217539158009184,24.0
N3,2023-09-13 14:00:00,36.40284722222222,1.0947770024038155,34.63,38.38,0.5679984739848343,0.16779341449806381,24.0
N3,2023-09-14 02:00:00,36.41078125,1.1464102702366168,34.63,38.38,0.5885270584347875,0.15696993915372848,24.0
N3,2023-09-14 14:00:00,36.38972222222222,1.1343617848599348,34.59,38.38,0.5872780600416859,0.15160243207197044,24.0
N3,2023-09-15 02:00:00,36.41279513888888,1.1133376994568742,34.59,38.38,0.6274516136942142,0.1259316552045984,24.0
N3,2023-09-15 14:00:00,36.31498263888889,1.1259289373316657,34.59,38.38,0.6548105403553236,0.13229691815145625,24.0
N3,2023-09-16 02:00:00,36.290798611111114,1.1044056601721548,34.59,38.38,0.5903215173942222,0.1652492517336367,24.0
N3,2023-09-16 14:00:00,36.31352430555555,1.1217234272876297,34.67,38.47,0.5725594164259425,0.18401304227201917,24.0
N3,2023-09-17 02:00:00,36.28909722222222,1.1170858437087572,34.57,38.47,0.5764478673741952,0.19236980947687798,24.0
N3,2023-09-17 14:00:00,36.31085069444444,1.1605402261863824,34.52,38.47,0.5773495214809569,0.20810655418771154,24.0
N4,2023-08-16 14:00:00,36.58862934027778,0.42100638107951033,35.565,37.82,0.4024456444762285,0.2231672798551591,24.0
N4,2023-08-17 02:00:00,36.58403067129629,0.44734795977653663,35.67,37.82,0.5448468644256348,0.19479116615225625,24.0
N4,2023-08-17 14:00:00,36.621734664351855,0.49198098278734276,35.67,37.99,0.44754427330534796,0.2170842600950706,24.0
N4,2023-08-18 02:00:00,36.4773666087963,0.5752497103688213,35.345,37.99,0.560931488415055,0.19842657748491202,24.0
N4,2023-08-18 14:00:00,36.53240856481481,0.6016341508566763,35.345,37.99,0.630086371558091,0.1252308101540587,24.0
N4,2023-08-19 02:00:00,36.468597656250004,0.664888309080702,35.227999999999994,37.99,0.692471760833191,0.12224662222865174,24.0
N4,2023-08-19 14:00:00,36.46930078125,0.729929083584216,35.227999999999994,38.188,0.5927928828818059,0.17656027211053907,24.0
N4,2023-08-20 02:00:00,36.510648582175925,0.7252914317143762,35.227999999999994,38.188,0.5293911574869677,0.14566146358658258,24.0
N4,2023-08-20 14:00:00,36.55392664930556,0.8005991566004972,35.227999999999994,38.56,0.4919038471643402,0.21370563942480594,24.0
N4,2023-08-21 02:00:00,36.56796325231481,0.7977986780874096,35.236000000000004,38.56,0.4835165917163182,0.22342569340492183,24.0
N4,2023-08-21 14:00:00,36.62701851851851,0.8044967714721238,35.236000000000004,38.56,0.645712848345784,0.19964088108911976,24.0
N4,2023-08-22 02:00:00,36.602387442129626,0.8218885055070796,35.215999999999994,38.56,0.6909870831420761,0.2010265120212386,24.0
N4,2023-08-22 14:00:00,36.584220196759254,0.8188640810748604,35.215999999999994,38.489999999999995,0.7151556434387132,0.17090601127276217,24.0
N4,2023-08-23 02:00:00,36.6110162037037,0.8138484663761303,34.79,38.489999999999995,0.6618720214555992,0.1961281777862675,24.0
N4,2023-08-23 14:00:00,36.582421006944436,0.8173317663714633,34.79,38.6,0.7121748011325699,0.14472404227641075,24.0
N4,2023-08-24 02:00:00,36.60744646990741,0.7924003055229,34.79,38.6,0.7324984206757665,0.14585733555434147,24.0
N4,2023-08-24 14:00:00,36.41124334490741,0.6988399897427021,34.79,38.6,0.6458688943887531,0.09005909295065563,24.0
N4,2023-08-25 02:00:00,36.38048611111111,0.7155340661401796,34.97,38.6,0.6616256729868637,0.06929620664495868,24.0
N4,2023-08-25 14:00:00,36.1653125,0.6261164247516192,34.81,37.77,0.6883700468354704,0.08303463462676988,24.0
N4,2023-08-26 02:00:00,36.14402777777778,0.6700443802097121,34.81,37.77,0.6420279273002891,0.10495891395841733,24.0
N4,2023-08-26 14:00:00,36.03595486111111,0.7072411614594281,34.81,37.73,0.6000927002310188,0.12570689443178473,24.0
N4,2023-08-27 02:00:00,36.068359375,0.7298013602094052,34.81,37.73,0.6396193450145656,0.1810013073096659,24.0
N4,2023-08-27 14:00:00,36.07474826388889,0.8232189724244003,34.41,38.22,0.5960527873762133,0.18661301260483865,24.0
N4,2023-08-28 02:00:00,36.120703125000006,0.8064499539244073,34.41,38.22,0.5565888901701114,0.1604621610637747,24.0
N4,2023-08-28 14:00:00,36.16072048611111,0.7590536025372407,34.41,38.22,0.5115198041596632,0.1882369805511188,24.0
N4,2023-08-29 02:00:00,36.209409722222226,0.7070353294763285,34.41,38.22,0.501731251779207,0.15122944565469593,24.0
N4,2023-08-29 14:00:00,36.15371527777778,0.5948413206150308,34.78,37.63,0.5694424219994902,0.1869241329881551,24.0
N4,2023-08-30 02:00:00,36.21376736111111,0.6319278879756531,34.78,37.77,0.6514053808124526,0.17668984677708643,24.0
N4,2023-08-30 14:00:00,36.216770833333335,0.6567512553254297,34.78,37.77,0.6183734689444655,0.1851091408863529,24.0
N4,2023-08-31 02:00:00,36.21010416666667,0.6931071768447864,34.78,37.77,0.6611437857332824,0.16064583505614882,24.0
N4,2023-08-31 14:00:00,36.24362847222223,0.7245234502917528,34.77,37.77,0.5892790432944722,0.23531546798123587,24.0
N4,2023-09-01 02:00:00,36.255260416666665,0.7621100561852701,34.77,37.79,0.5634974676754894,0.23647510577032685,24.0
N4,2023-09-01 14:00:00,36.21996527777778,0.7846077834143422,34.49,37.79,0.5819682143310174,0.20812738555038127,24.0
N4,2023-09-02 02:00:00,36.214375,0.7953984140999891,34.49,37.79,0.5195951453442661,0.28136440748542013,24.0
N4,2023-09-02 14:00:00,36.16005208333334,0.7452347440076954,34.49,37.79,0.5361309972373195,0.2476801189399757,24.0
N4,2023-09-03 02:00:00,36.11151041666667,0.6757125687642175,34.49,37.69,0.47107832519852794,0.26727268143304667,24.0
N4,2023-09-03 14:00:00,36.11220486111111,0.6594938345080621,34.75,37.67,0.4660062992706641,0.2860994654773182,24.0
N4,2023-09-04 02:00:00,36.06765625,0.6529334659845549,34.7,37.67,0.42079241020890357,0.29338431659535325,24.0
N4,2023-09-04 14:00:00,36.06035590277778,0.6843506807448871,34.7,37.67,0.4562255672791375,0.29010093689745964,24.0
N4,2023-09-05 02:00:00,35.80384548611111,1.130884998856801,31.7,37.67,0.3544769261604159,0.2317478549443242,24.0
N4,2023-09-05 14:00:00,35.64924479166667,1.356678062841685,31.7,37.55,0.4276564811850121,0.26653610518085247,24.0
N4,2023-09-06 02:00:00,35.692942708333334,1.375358066732217,31.7,37.65,0.4170633575679703,0.25034589251367223,24.0
N4,2023-09-06 14:00:00,35.61402777777778,1.4213442202229238,31.7,37.8,0.46681384183258046,0.23198081781691424,24.0
N4,2023-09-07 02:00:00,35.884609375000004,1.1581378743616568,32.08,38.0,0.5697405674168429,0.16386631335927773,24.0
N4,2023-09-07 14:00:00,35.93639756944444,0.9705673365541203,33.88,38.0,0.6641721431353869,0.18315777931008626,24.0
N4,2023-09-08 02:00:00,35.94532118055556,0.9846933705452822,33.88,38.0,0.7061292479308355,0.17647281514659027,24.0
N4,2023-09-08 14:00:00,35.953359375000005,0.9986949162683091,33.88,38.0,0.730948548786882,0.13307227891413995,24.0
N4,2023-09-09 02:00:00,35.9556423611111,1.0104411185412387,33.88,37.98,0.7477317610652994,0.13545566459950156,24.0
N4,2023-09-09 14:00:00,36.006822916666664,0.9238644361697612,34.02,37.94,0.7217414128029077,0.1409978296138882,24.0
N4,2023-09-10 02:00:00,36.053463541666666,0.9366006938828846,34.02,37.96,0.7375194217570892,0.13258629535745173,24.0
N4,2023-09-10 14:00:00,36.16068576388889,0.8609978405687204,34.59,38.28,0.678100205110392,0.2268771492731607,24.0
N4,2023-09-11 02:00:00,36.17240451388889,0.9071181615081677,34.59,38.28,0.5612576248437594,0.22163076608869456,24.0
N4,2023-09-11 14:00:00,36.24368923611111,0.8845415139404926,34.65,38.28,0.5404977519416656,0.2465693777954236,24.0
N4,2023-09-12 02:00:00,36.266979166666665,0.9307077501732962,34.65,38.28,0.5501675006557928,0.23269604452012724,24.0
N4,2023-09-12 14:00:00,36.27494791666666,0.9003866823997797,34.65,38.03,0.553715352359963,0.21670148788980007,24.0
N4,2023-09-13 02:00:00,36.30235243055555,0.9087458328047098,34.79,38.07,0.6244827641458679,0.20546887043873033,24.0
N4,2023-09-13 14:00:00,36.312664930555556,0.9467425277075778,34.66,38.3,0.6225740063543407,0.22501638046010375,24.0
N4,2023-09-14 02:00:00,36.28610243055556,0.9056919497879835,34.66,38.3,0.6060802305182358,0.20550397274985552,24.0
N4,2023-09-14 14:00:00,36.29587673611112,0.8926243224260525,34.66,38.3,0.5719398712108901,0.211201576170856,24.0
N4,2023-09-15 02:00:00,36.329288194444445,0.8612587769264537,34.66,38.3,0.5041854582025891,0.18770571065195085,24.0
N4,2023-09-15 14:00:00,36.29430555555555,0.7730099025326778,35.11,38.08,0.4793851809766907,0.2638971183798758,24.0
N4,2023-09-16 02:00:00,36.329704861111104,0.7628801987306122,35.11,38.08,0.4993880121873561,0.2687320917443316,24.0
N4,2023-09-16 14:00:00,36.32570746527777,0.7729033219399417,34.79,38.09,0.5148825428510856,0.20544091953603277,24.0
N4,2023-09-17 02:00:00,36.300203993055554,0.7561237925919531,34.79,38.09,0.5836728748597104,0.17325847194036834,24.0
N4,2023-09-17 14:00:00,36.321644965277784,0.8073583280492529,34.79,38.09,0.5978699641638396,0.19490805361721664,24.0
N5,2023-08-17 09:46:00,36.663655971560615,0.650868256866081,35.08,38.38,0.30708010980475964,0.33353750146426,24.0
N5,2023-08-17 21:46:00,36.62324165900583,0.7785536421300033,34.94,38.69,0.4198797104224787,0.327204967686021,24.0
N5,2023-08-18 09:46:00,36.66561458333334,0.8330018193072672,34.94,38.69,0.46710362660580035,0.31906055804797206,24.0
N5,2023-08-18 21:46:00,36.69912673611111,0.934834345237262,34.94,38.69,0.5139281861611095,0.34881176025542737,24.0
N5,2023-08-19 09:46:00,36.78190625,0.993177138287271,34.94,38.72,0.48692706790097606,0.3398078272667505,24.0
N5,2023-08-19 21:46:00,36.76554861111111,0.9612218575555361,35.05,38.72,0.42883126292546203,0.3206097858924172,24.0
N5,2023-08-20 09:46:00,36.78262673611111,0.967258754329392,35.08,38.72,0.4442770255555196,0.30123794059580117,24.0
N5,2023-08-20 21:46:00,36.76166666666667,0.9854318709186456,35.08,38.72,0.43335745251868774,0.2704191321615636,24.0
N5,2023-08-21 09:46:00,36.692850694444445,0.9381409097767456,35.08,38.61,0.44772892780987933,0.2652069765153281,24.0
N5,2023-08-21 21:46:00,36.66208680555555,0.9194194949763538,35.18,38.61,0.4316658215692496,0.258339913607404,24.0
N5,2023-08-22 09:46:00,36.62642013888889,0.9452594425664796,35.04,38.63,0.490539870822807,0.2545541820251979,24.0
N5,2023-08-22 21:46:00,36.635749999999994,0.9136956360176937,35.04,38.63,0.5194809553991037,0.22691234243050326,24.0
N5,2023-08-23 09:46:00,36.55260763888889,0.9019331931698973,35.04,38.63,0.5469705349839518,0.21851416254304587,24.0
N5,2023-08-23 21:46:00,36.76936666666666,0.985082834714929,35.04,38.63,0.684652615442213,0.10166197392929764,24.0
N5,2023-08-24 09:46:00,36.63558541666667,0.9424643374824404,34.98,38.58,0.7333348154615221,0.0499853169028999,24.0
N5,2023-08-24 21:46:00,36.679202777777775,0.9413388580562945,34.98,38.78,0.7523332853987956,0.05575013802733237,24.0
N5,2023-08-25 09:46:00,36.54783263888889,0.9908948506349955,34.98,38.78,0.7202881087351766,0.060110658373435114,24.0
N5,2023-08-25 21:46:00,36.46589652777777,0.8824689649460099,34.98,38.78,0.6507223726277576,0.12280407322532111,24.0
N5,2023-08-26 09:46:00,36.38304965277777,0.9151708892146476,34.8,38.78,0.6247382187633755,0.12480730501855652,24.0
N5,2023-08-26 21:46:00,36.417978125,0.9162811784796984,34.8,38.36,0.5773535326857787,0.25534386321145686,24.0
N5,2023-08-27 09:46:00,36.37101076388889,0.9442788136319209,34.8,38.36,0.5809445674806918,0.2551972083741115,24.0
N5,2023-08-27 21:46:00,36.416885763888885,1.0132364043410873,34.79,38.63,0.4823169842762836,0.32315309259805697,24.0
N5,2023-08-28 09:46:00,36.47722013888889,1.0158735780297024,34.79,38.63,0.44705877809324956,0.3316404678602092,24.0
N5,2023-08-28 21:46:00,36.45461875,1.0370949914617773,34.79,38.63,0.41663807605613234,0.23657058873007786,24.0
N5,2023-08-29 09:46:00,36.525159375,1.0180358915624397,34.79,38.63,0.3990114411402989,0.3649189179371118,24.0
N5,2023-08-29 21:46:00,36.46104826388889,0.983229097369302,34.84,38.41,0.4125320428499084,0.3295846990567263,24.0
N5,2023-08-30 09:46:00,36.45378645833333,0.9971216617810547,34.84,38.41,0.4587780140921503,0.2777785923979609,24.0
N5,2023-08-30 21:46:00,36.46952743055556,0.997216797087473,34.84,38.4,0.5000101847646427,0.2890706582505414,24.0
N5,2023-08-31 09:46:00,36.506030555555554,0.9992845964098086,34.84,38.4,0.4812405644117935,0.26997294386738524,24.0
N5,2023-08-31 21:46:00,36.54106111111111,1.04713994827121,34.71,38.48,0.5054511847193407,0.24964364280098758,24.0
N5,2023-09-01 09:46:00,36.57174930555556,1.077310864909612,34.71,38.48,0.4414303566063154,0.3286375852066142,24.0
N5,2023-09-01 21:46:00,36.57382083333333,1.0980550044962711,34.71,38.48,0.43645768719984446,0.36223722557332094,24.0
N5,2023-09-02 09:46:00,36.571425,1.1179776520512883,34.71,38.48,0.4109795567015346,0.3873355573718329,24.0
N5,2023-09-02 21:46:00,36.56189027777778,1.0906395392739532,34.83,38.54,0.4636925163824379,0.35073178336730515,24.0
N5,2023-09-03 09:46:00,36.55966736111111,1.0846723861077607,34.82,38.54,0.44768613730972423,0.35431285392369866,24.0
N5,2023-09-03 21:46:00,36.529579166666664,1.1046282447096927,34.82,38.54,0.4333144316081198,0.39046706307517043,24.0
N5,2023-09-04 09:46:00,36.54675,1.134681278671093,34.54,38.54,0.42235928327713357,0.408293044553001,24.0
N5,2023-09-04 21:46:00,36.41560416666666,1.2957866107265479,30.484,38.48,0.2693814666574658,0.43862071857095575,24.0
N5,2023-09-05 09:46:00,35.81076111111111,2.13914377305991,28.32,38.48,0.34374327238164915,0.2510595853376892,24.0
N5,2023-09-05 21:46:00,35.64722916666666,2.059327085410392,28.32,38.44,0.24214504468341824,0.23745730127397163,24.0
N5,2023-09-06 09:46:00,35.56656805555556,2.019028006542201,28.32,38.37,0.2694387313918539,0.2344571910548636,24.0
N5,2023-09-06 21:46:00,35.634163888888885,1.9413445629329487,28.32,38.43,0.27313575595934036,0.2017371388206019,24.0
N5,2023-09-07 09:46:00,36.18739375,1.035637780127591,32.41,38.43,0.2847817718645741,0.3317424329839163,24.0
N5,2023-09-07 21:46:00,36.330581249999994,1.06131614014854,34.48,38.43,0.39940263274840926,0.2666195467879275,24.0
N5,2023-09-08 09:46:00,36.420659722222226,0.9979651786466706,34.56,38.43,0.3597380108753679,0.3523153284497591,24.0
N5,2023-09-08 21:46:00,36.50116736111111,1.000609183621799,34.56,38.28,0.4975134744073444,0.2912289919333574,24.0
N5,2023-09-09 09:46:00,36.548493055555554,0.9483763074204596,34.97,38.28,0.48520843000774905,0.2900834338251456,24.0
N5,2023-09-09 21:46:00,36.63389375,0.9535216152009256,34.97,38.3,0.6411511600636691,0.2026941709937501,24.0
N5,2023-09-10 09:46:00,36.59662569444445,1.0095056801369096,34.82,38.3,0.6476990555678547,0.21724365309427207,24.0
N5,2023-09-10 21:46:00,36.60270694444444,1.0666354430823255,34.82,38.48,0.6279008901080068,0.2097080832770958,24.0
N5,2023-09-11 09:46:00,36.58722152777778,1.0995922058360181,34.82,38.48,0.6230987127891863,0.22130515012172378,24.0
N5,2023-09-11 21:46:00,36.60479097222222,1.128554563277754,34.82,38.48,0.6389069840728384,0.212205648897689,24.0
N5,2023-09-12 09:46:00,36.54094305555555,1.1532344519126705,34.77,38.48,0.6344341907805547,0.2041851280664073,24.0
N5,2023-09-12 21:46:00,36.485543750000005,1.1295226899508106,34.55,38.42,0.6056161438990417,0.24316605880878153,24.0
N5,2023-09-13 09:46:00,36.45076875,1.139010034035938,34.55,38.42,0.6293567251863437,0.22370708956483737,24.0
N5,2023-09-13 21:46:00,36.431553819444446,1.1400394779910732,34.55,38.38,0.5987911179644053,0.24298958175674823,24.0
N5,2023-09-14 09:46:00,36.46315659722222,1.1270233738650288,34.55,38.35,0.5821333169542962,0.26077315992149114,24.0
N5,2023-09-14 21:46:00,36.47396909722222,1.1288174858872047,34.73,38.35,0.5990259657166394,0.24642343355003707,24.0
N5,2023-09-15 09:46:00,36.489051736111115,1.127585892331124,34.7,38.35,0.5999748916950168,0.2530070340531443,24.0
N5,2023-09-15 21:46:00,36.46938194444444,1.1002528213029532,34.7,38.34,0.6127062644088871,0.23648398664382958,24.0
N5,2023-09-16 09:46:00,36.42146527777778,1.10610240015457,34.7,38.34,0.6099607025422237,0.21244425059277974,24.0
N5,2023-09-16 21:46:00,36.457170138888884,1.106024562188322,34.7,38.52,0.6320925331725027,0.1967290019024691,24.0
N5,2023-09-17 09:46:00,36.42797916666667,1.1262654670830274,34.49,38.52,0.6499342418911463,0.18317698015292466,24.0
N5,2023-09-17 21:46:00,36.44009375,1.1271566110941105,34.49,38.52,0.6994290638334901,0.18612790998499254,24.0
N6,2023-08-17 17:26:00,36.97979809996213,0.8032774541485793,35.1,38.64,0.2800565363739892,0.24281921909091952,24.0
N6,2023-08-18 05:40:00,36.80680673008432,0.9749117604774898,35.09,38.64,0.5200652998697591,0.2636910596459041,24.0
N6,2023-08-18 17:40:00,36.70315465973703,0.9757995843290558,35.09,38.64,0.3805372298743628,0.3966954265736692,24.0
N6,2023-08-19 05:46:00,36.64822504664179,1.0546088035530987,35.09,38.64,0.42082604275123703,0.35887650026330303,24.0
N6,2023-08-19 17:46:00,36.6307636875148,1.007914089520781,34.77,38.6,0.39766368916020234,0.35153212425945907,24.0
N6,2023-08-20 05:46:00,36.60005555555555,1.0315876618422266,34.77,38.69,0.44325900761468023,0.3070222205363502,24.0
N6,2023-08-20 17:46:00,36.653561259920636,1.088729577143076,34.77,38.77,0.49077322417015407,0.2725745850169754,24.0
N6,2023-08-21 05:46:00,36.65663541666667,1.0811638368346368,34.77,38.77,0.5037309294864558,0.2644984090646542,24.0
N6,2023-08-21 17:46:00,36.6620176985371,1.089743605267388,34.89,38.77,0.4805355754876101,0.28151972753337134,24.0
N6,2023-08-22 05:46:00,36.7112296277959,1.0642124752111886,35.16,38.77,0.4738682130880383,0.2511604090101385,24.0
N6,2023-08-22 18:12:00,36.71391018335146,1.011487064431605,35.16,38.66,0.48670025005751866,0.2538209228426504,24.0
N6,2023-08-23 06:25:00,36.64347615557368,1.0257393054671158,35.03,38.66,0.5309418512467339,0.2080949797877301,24.0
N6,2023-08-23 18:25:00,36.73444977648103,1.056568891399102,35.03,38.91,0.6577410760451396,0.17689138974689203,24.0
N6,2023-08-24 06:25:00,36.59141354166667,1.0715837009376517,34.95,38.91,0.686031236711577,0.10046159031410698,24.0
N6,2023-08-24 18:25:00,36.49172256944444,1.0142075994603472,34.93,38.91,0.6263317321695273,0.13778806742862518,24.0
N6,2023-08-25 06:25:00,36.39852743055556,1.0852243755346214,34.39,38.91,0.634833632633408,0.16750958667831914,24.0
N6,2023-08-25 18:25:00,36.2620125,1.0213840332894963,34.36,38.2,0.5941318382318629,0.08797865271319757,24.0
N6,2023-08-26 06:25:00,36.16165208333334,1.0881669278409172,34.36,38.2,0.5724630010529409,0.15887850325140757,24.0
N6,2023-08-26 18:25:00,36.17121875,1.1196522804410036,34.36,38.2,0.5921418193549453,0.12541179312199727,24.0
N6,2023-08-27 06:25:00,36.16992743055555,1.1244523768916388,34.36,38.2,0.6017146009116489,0.1431341900883074,24.0
N6,2023-08-27 18:25:00,36.14548368055556,1.10895299214898,34.43,38.12,0.6090968949082233,0.1550014635806184,24.0
N6,2023-08-28 06:25:00,36.247926041666666,1.1062220215775949,34.43,38.12,0.6609962063501752,0.1461715369316229,24.0
N6,2023-08-28 18:25:00,36.22785659722223,1.1227206928982971,34.43,38.15,0.717288530414112,0.12052806148322695,24.0
N6,2023-08-29 06:25:00,36.267465972222226,1.0994459120054263,34.45,38.15,0.7553915732964848,0.06368909899560628,24.0
N6,2023-08-29 18:25:00,36.27620173611111,1.1342611992048734,34.45,38.34,0.7938201931604597,0.06090912088082278,24.0
N6,2023-08-30 06:25:00,36.34682256944445,1.1019130398431731,34.59,38.34,0.7546428746420804,0.0706582311337709,24.0
N6,2023-08-30 18:25:00,36.36778715277778,1.1049258212023285,34.59,38.34,0.7525350232348519,0.06981686774356796,24.0
N6,2023-08-31 06:25:00,36.45411909722222,1.066518303526578,34.59,38.46,0.676987467390405,0.14545687355732626,24.0
N6,2023-08-31 18:25:00,36.45807986111111,1.0676719224087428,34.59,38.53,0.6938692086035553,0.132993579771017,24.0
N6,2023-09-01 06:25:00,36.46086111111111,1.0490999291132528,34.95,38.53,0.6208554531282942,0.1720423287769308,24.0
N6,2023-09-01 18:25:00,36.42241666666666,1.0635479113430772,34.74,38.53,0.613687413663697,0.16914279833938217,24.0
N6,2023-09-02 06:25:00,36.41642708333333,1.0826617685592421,34.74,38.53,0.5686091694842741,0.21677460429309123,24.0
N6,2023-09-02 18:25:00,36.37785763888889,1.0672959946284726,34.74,38.36,0.5468843507099441,0.22905644375635387,24.0
N6,2023-09-03 06:25:00,36.38285243055555,1.1025759256394307,34.55,38.36,0.5272565386243201,0.28477078129678085,24.0
N6,2023-09-03 18:25:00,36.41769618055555,1.1107979273017716,34.55,38.41,0.5490384755400746,0.2771373714577234,24.0
N6,2023-09-04 06:25:00,36.381296875,1.1278202063900182,34.55,38.41,0.5859391445091251,0.23647882669491352,24.0
N6,2023-09-04 18:25:00,36.385494791666666,1.0996530485702378,34.55,38.41,0.5669716836994309,0.2414540872413776,24.0
N6,2023-09-05 06:25:00,35.782100694444445,2.1245827066416196,27.82,38.41,0.417421063550274,0.20821519825433787,24.0
N6,2023-09-05 18:25:00,35.612465972222225,2.0040147812046087,27.82,38.39,0.26647672940162187,0.21863816581438536,24.0
N6,2023-09-06 06:25:00,35.631905555555555,1.975309298593014,27.82,38.39,0.23925164479685163,0.22928530344994044,24.0
N6,2023-09-06 18:25:00,35.65363958333334,1.9926287132453517,27.82,38.23,0.24644688523875177,0.2264717475908821,24.0
N6,2023-09-07 06:25:00,36.28473472222222,0.8422490195172092,34.63,38.23,0.19113865066116784,0.2314280428984357,16.0
N6,2023-09-07 18:25:00,36.42663680555556,0.941225257181543,34.63,38.23,0.57436770213371,0.2250489949482483,24.0
N6,2023-09-08 06:25:00,36.43306736111111,0.9935660876169639,34.41,38.23,0.6880427352697904,0.2166181067551264,24.0
N6,2023-09-08 18:25:00,36.417917361111115,1.0376138492306557,34.41,38.4,0.6751429936473459,0.20796910575164904,24.0
N6,2023-09-09 06:25:00,36.4943875,1.046601365988118,34.41,38.4,0.6985712991874539,0.17371793361205565,24.0
N6,2023-09-09 18:25:00,36.543354166666674,1.1122911724650835,34.41,38.47,0.7057894885316786,0.16319690815259538,24.0
N6,2023-09-10 06:25:00,36.598084722222225,1.049775252704216,34.8,38.47,0.6953867567946314,0.12740489773515243,24.0
N6,2023-09-10 18:25:00,36.67499513888889,1.064572065568541,35.12,38.57,0.722109641882145,0.10836206094489871,24.0
N6,2023-09-11 06:25:00,36.65343923611111,1.066151116020256,34.88,38.57,0.7369220498080229,0.09999687752158992,24.0
N6,2023-09-11 18:25:00,36.680910763888896,1.0768940463929193,34.88,38.57,0.7496066070536221,0.10142017321521835,24.0
N6,2023-09-12 06:25:00,36.748728125,1.1161138231241745,34.88,38.57,0.8187937936059639,0.10337759384793864,24.0
N6,2023-09-12 18:25:00,36.723484375000005,1.1159859871527469,34.88,38.52,0.8112222754503015,0.10406433139310546,24.0
N6,2023-09-13 06:25:00,36.716688888888896,1.1410094557933674,35.06,38.52,0.846951323710894,0.07762982048368676,24.0
N6,2023-09-13 18:25:00,36.72223125000001,1.1233741279047063,35.06,38.51,0.8475618130968045,0.06858805032830768,24.0
N6,2023-09-14 06:25:00,36.65635208333333,1.113200387363486,34.98,38.51,0.8016443601852057,0.08175076723674551,24.0
N6,2023-09-14 18:25:00,36.60705625,1.073623023614871,34.98,38.51,0.7861858698083466,0.06867611335325818,24.0
N6,2023-09-15 06:25:00,36.67918402777778,1.1017111274820308,34.98,38.51,0.7748438570984125,0.10579194677636317,24.0
N6,2023-09-15 18:25:00,36.61004097222222,1.1168744293919572,34.98,38.45,0.7606864262584617,0.12719315884937374,24.0
N6,2023-09-16 06:25:00,36.62915208333333,1.1290573570073072,34.78,38.45,0.794632459182163,0.10418517603726307,24.0
N6,2023-09-16 18:25:00,36.62733194444444,1.1645196699446023,34.78,38.5,0.7952451228312444,0.1031876399149185,24.0
N6,2023-09-17 06:25:00,36.543382638888886,1.1251587899594326,34.78,38.5,0.723010466412889,0.13685390705452272,24.0
N6,2023-09-17 18:25:00,36.53904652777778,1.131531785310735,34.78,38.61,0.7282696748904043,0.13469087972599883,24.0
N7,2023-08-16 17:05:00,36.11158165036848,1.3189326368747243,18.7725,37.716,0.06853365881400122,0.2358805731786641,48.0
N7,2023-08-17 05:05:00,36.55749537037037,0.5371543984957525,35.013999999999996,38.013333333333335,0.03356852795095157,0.19984718305372529,48.0
N7,2023-08-17 17:05:00,36.8390787037037,0.42642751818233826,35.928,38.08,0.2817633404604632,0.47212487189740243,24.0
N7,2023-08-18 05:05:00,36.81249131944444,0.4834035878133024,35.83,38.08,0.3304270488308592,0.45393787772379285,24.0
N7,2023-08-18 17:05:00,36.84451099537037,0.5014516005334639,35.83,38.08,0.3677403365831535,0.4517462445903784,24.0
N7,2023-08-19 05:05:00,36.78224826388889,0.5650186469227743,35.83,38.08,0.4519219438329187,0.32787589337964,24.0
N7,2023-08-19 17:05:00,36.791232638888886,0.5850194461718424,35.83,38.02,0.4384838733302504,0.2849312810608047,24.0
N7,2023-08-20 05:05:00,36.76267361111111,0.5688906294863495,35.7,38.02,0.49103105929644314,0.2563887871132751,24.0
N7,2023-08-20 17:05:00,36.82147048611111,0.6259571505334404,35.7,38.09,0.5546586698951184,0.16346521090727528,24.0
N7,2023-08-21 05:05:00,36.860424189814815,0.5817427531742282,35.7,38.09,0.520264915694364,0.18597255977496477,24.0
N7,2023-08-21 17:05:00,36.92831481481481,0.6066291026967913,35.7,38.17999999999999,0.7089372918526184,0.14793785356141595,24.0
N7,2023-08-22 05:05:00,36.95262037037037,0.5921465719494353,35.902,38.17999999999999,0.7035659203828816,0.12847630716514874,24.0
N7,2023-08-22 17:05:00,37.01185532407408,0.6604221970052727,35.902,38.54,0.6871769903302005,0.16251758945493205,24.0
N7,2023-08-23 05:05:00,37.05288425925926,0.61452775746137,35.88,38.54,0.6712225698715009,0.1734219637452334,24.0
N7,2023-08-23 17:05:00,37.14859606481481,0.697284330201825,35.88,38.62,0.7797221201832706,0.09475766820466533,24.0
N7,2023-08-24 05:05:00,37.17495023148148,0.6841831948594123,35.88,38.62,0.7803654497502137,0.08754387361092136,24.0
N7,2023-08-24 17:05:00,37.09859375,0.661985335910802,35.88,38.62,0.7040311669595397,0.10714926687586952,24.0
N7,2023-08-25 05:05:00,37.13916666666667,0.6724351992736713,36.05,38.62,0.66690483106059,0.15632073264752308,24.0
N7,2023-08-25 17:05:00,37.00848958333333,0.6229059167655201,35.91,38.37,0.5467044593275968,0.2676340200350944,24.0
N7,2023-08-26 05:05:00,37.03112847222222,0.6332784604697117,35.84,38.37,0.5579067339895565,0.23146729996709586,24.0
N7,2023-08-26 17:05:00,36.98613715277778,0.6607609908975357,35.77,38.38,0.5617125715018767,0.1616415702721713,24.0
N7,2023-08-27 05:05:00,37.032803819444446,0.6933005261063204,35.77,38.38,0.570921728092086,0.2075916059986467,24.0
N7,2023-08-27 17:05:00,36.97302951388889,0.706160316943789,35.77,38.45,0.5227457219668562,0.2392539674240859,24.0
N7,2023-08-28 05:05:00,37.05558159722222,0.7002561289411688,35.77,38.45,0.4741648640250895,0.20263858303387314,24.0
N7,2023-08-28 17:05:00,37.01142361111111,0.6878292552970652,35.84,38.45,0.4522797776120581,0.2352246962303668,24.0
N7,2023-08-29 05:05:00,37.05814236111111,0.6637753870516262,35.84,38.45,0.4102308754110834,0.23395279302300362,24.0
N7,2023-08-29 17:05:00,37.0690625,0.633484759515329,35.84,38.49,0.5704047883179356,0.20784543004588088,24.0
N7,2023-08-30 05:05:00,37.08935763888889,0.6651895906723657,35.84,38.54,0.45892697064958554,0.2855062794030423,24.0
N7,2023-08-30 17:05:00,37.11222222222223,0.649217418260508,36.09,38.54,0.47502742125899433,0.26816397565105154,24.0
N7,2023-08-31 05:05:00,37.12597222222222,0.6494073895188816,36.09,38.54,0.4627982128004861,0.3072564601113195,24.0
N7,2023-08-31 17:05:00,37.090815972222224,0.7017101091226262,35.75,38.55,0.4750419034332217,0.23312001635117605,24.0
N7,2023-09-01 05:05:00,37.07315972222222,0.7049838075681285,35.75,38.55,0.4520657591384319,0.29744253730813985,24.0
N7,2023-09-01 17:05:00,37.031284722222225,0.7385005563376603,35.75,38.55,0.4335551418352422,0.27300584825635454,24.0
N7,2023-09-02 05:05:00,37.00871527777778,0.7590958269473042,35.75,38.55,0.3886403902510646,0.31431222836465117,24.0
N7,2023-09-02 17:05:00,36.99418402777778,0.7517211922355249,35.73,38.54,0.37969447264176676,0.3220302642695131,24.0
N7,2023-09-03 05:05:00,37.01770833333333,0.7630921823865348,35.65,38.58,0.4555707962348224,0.2750140060481316,24.0
N7,2023-09-03 17:05:00,37.013194444444444,0.796426831731873,35.65,38.58,0.48343068761590235,0.2809555768262276,24.0
N7,2023-09-04 05:05:00,36.996371527777775,0.8165011699797016,35.65,38.58,0.4975045552576486,0.21302080410628318,24.0
N7,2023-09-04 17:05:00,36.986927083333335,0.8022170461462437,35.65,38.58,0.48276564315369513,0.22959134389377966,24.0
N7,2023-09-05 05:05:00,36.44272569444445,1.2985308342639539,32.97,38.56,0.23583560517078114,0.2379167548169592,48.0
N7,2023-09-05 17:05:00,36.22569444444444,1.4162741626740298,32.97,38.43,0.24695182928058187,0.18957132286496287,48.0
N7,2023-09-06 05:05:00,36.241545138888895,1.420711459109771,32.97,38.58,0.26637163898703614,0.1848633434616458,48.0
N7,2023-09-06 17:05:00,36.24734375,1.4402912730695767,32.97,38.58,0.2885007697330935,0.1734192733724227,48.0
N7,2023-09-07 05:05:00,36.71326388888889,1.1026302706238333,33.64,38.58,0.5839613491117152,0.13270553978865837,24.0
N7,2023-09-07 17:05:00,36.93012152777778,0.8220263026056064,35.57,38.63,0.6103341792143846,0.1926035346460097,24.0
N7,2023-09-08 05:05:00,36.88387152777777,0.8295701138376828,35.57,38.63,0.585215510611972,0.2102522445949562,24.0
N7,2023-09-08 17:05:00,36.90227430555555,0.8322124969226548,35.57,38.63,0.5680124132398946,0.23632482698071264,24.0
N7,2023-09-09 05:05:00,36.961215277777775,0.8261754560691291,35.57,38.63,0.6378749508586623,0.19050145857260553,24.0
N7,2023-09-09 17:05:00,36.974635416666665,0.8036778776150812,35.67,38.54,0.5874552011094497,0.2376478549693797,24.0
N7,2023-09-10 05:05:00,36.981267361111115,0.7573317273062729,35.68,38.54,0.5644552051444787,0.24360868575755185,24.0
N7,2023-09-10 17:05:00,36.96791666666667,0.7733125670703204,35.72,38.6,0.5131932738979077,0.2722678604247007,24.0
N7,2023-09-11 05:05:00,36.96081597222222,0.7861804602848999,35.72,38.6,0.45897226280884595,0.29387849090300555,24.0
N7,2023-09-11 17:05:00,36.959635416666664,0.7873262853347354,35.72,38.6,0.4256474779799453,0.3025255624207264,24.0
N7,2023-09-12 05:05:00,36.99859375,0.8418809142924113,35.72,38.73,0.42577917982605334,0.3069106554097211,24.0
N7,2023-09-12 17:05:00,37.004184027777775,0.8328698883114933,35.68,38.73,0.4356813984455111,0.28350677172685085,24.0
N7,2023-09-13 05:05:00,36.984027777777776,0.8394519702398145,35.68,38.73,0.3893192190283324,0.3426137745097188,24.0
N7,2023-09-13 17:05:00,37.04017361111111,0.8553534262210396,35.68,38.73,0.42709818663506616,0.29424106497399055,24.0
N7,2023-09-14 05:05:00,37.01833333333334,0.839521813296117,35.63,38.62,0.36512595049758356,0.35525572152272394,24.0
N7,2023-09-14 17:05:00,37.04982638888889,0.824690790790547,35.63,38.62,0.40117438154418134,0.3508964121124854,24.0
N7,2023-09-15 05:05:00,37.068645833333335,0.8134160901267465,35.63,38.62,0.4187961279305435,0.2868986830698505,24.0
N7,2023-09-15 17:05:00,37.01271701388889,0.8093171342176722,35.63,38.6,0.41979608081445335,0.2836850844475296,24.0
N7,2023-09-16 05:05:00,36.99021701388889,0.7818355559742265,35.7,38.6,0.43400132936743957,0.2535919965633949,24.0
N7,2023-09-16 17:05:00,36.973671875,0.7927348703227651,35.7,38.6,0.3982104970522467,0.29366098275085245,24.0
N7,2023-09-17 05:05:00,36.929713541666665,0.8120693065044531,35.66,38.6,0.30626299285340414,0.3452100609577085,24.0
N7,2023-09-17 17:05:00,36.91548611111111,0.8269201811046879,35.6,38.57,0.30303511779869263,0.34115582112827175,24.0
N8,2023-08-16 14:05:00,36.35056307870371,1.7827761828838098,19.393333333333334,38.02,0.03174503297256682,0.387024315110675,8.0
N8,2023-08-17 02:05:00,36.67015625,0.4917146424799119,35.77,38.02,0.38481792670662696,0.28478450780307735,24.0
N8,2023-08-17 14:05:00,36.75599826388889,0.5223740584314466,35.63,38.02,0.2960268958405674,0.4000027305728622,24.0
N8,2023-08-18 02:05:00,36.68414351851852,0.5742877125821335,35.63,38.02,0.33780423785999003,0.4080130130613231,24.0
N8,2023-08-18 14:05:00,36.606574074074075,0.5611632720844282,35.59,38.08,0.18470681121599863,0.5062842048122101,8.0
N8,2023-08-19 02:05:00,36.5930150462963,0.5934954352036527,35.59,38.08,0.20661685959921697,0.45053273135692073,8.0
N8,2023-08-19 14:05:00,36.581717303240744,0.5815538442671162,35.59,38.13,0.1610356457385268,0.4170822970479524,8.0
N8,2023-08-20 02:05:00,36.592675057870366,0.5911809064557201,35.59,38.13,0.17565431879800464,0.4339268498396795,8.0
N8,2023-08-20 14:05:00,36.64484866898148,0.6036567493644238,35.79,38.35,0.35430712313301965,0.29684851707837134,24.0
N8,2023-08-21 02:05:00,36.574337962962964,0.6726974424032057,34.932,38.35,0.424419293027445,0.2999662771157144,24.0
N8,2023-08-21 14:05:00,36.37280830439815,0.681567415891002,34.902,38.35,0.20612018033388627,0.2820856618919745,48.0
N8,2023-08-22 02:05:00,36.27890364583334,0.7034073683721949,34.858000000000004,38.35,0.21606540330819848,0.20734478055638675,48.0
N8,2023-08-22 14:05:00,36.05367853009259,0.5536589532630267,34.28,37.964,0.01515655620548007,0.3704391263225167,8.0
N8,2023-08-23 02:05:00,35.93957899305556,0.47667532388309747,34.28,37.257999999999996,0.17071358290975472,0.20596140946994612,24.0
N8,2023-08-23 14:05:00,35.92960778356482,0.45820054354917195,34.28,37.06,0.15469098963457947,0.20459984512472057,24.0
N8,2023-08-24 02:05:00,35.94226967592593,0.43960967381873933,34.28,37.02,0.18132500845517852,0.2242130451958766,48.0
N8,2023-08-24 14:05:00,36.12480902777778,0.6651379830127557,34.918,38.05,0.41337598191929975,0.06885653944424304,24.0
N8,2023-08-25 02:05:00,36.31892013888889,0.7611939615462181,34.918,38.17,0.39138672945842323,0.13145794315406917,24.0
N8,2023-08-25 14:05:00,36.50453993055555,0.8227689245873727,35.05,38.17,0.5834338367467865,0.10749571066209403,24.0
N8,2023-08-26 02:05:00,36.59216145833333,0.9357196372611866,34.47,38.17,0.6739888232787832,0.17377080900025557,24.0
N8,2023-08-26 14:05:00,36.525000000000006,0.9594526072482974,34.47,38.17,0.647846662933589,0.1602042688013022,24.0
N8,2023-08-27 02:05:00,36.515512152777774,0.9938961492066792,34.47,38.17,0.5887154085140868,0.2181486380361462,24.0
N8,2023-08-27 14:05:00,36.341484375,0.9705374690976777,34.47,38.17,0.5608829320101789,0.19319315740129803,24.0
N8,2023-08-28 02:05:00,36.30516493055555,0.9006793918454745,34.47,38.12,0.5421005313691998,0.25055672887503116,24.0
N8,2023-08-28 14:05:00,36.12544270833333,0.8171915427554289,34.47,38.12,0.5232532239441408,0.2136231164483002,24.0
N8,2023-08-29 02:05:00,36.0146875,0.6790679168368089,34.47,37.64,0.3652924737971905,0.3389458899448794,24.0
N8,2023-08-29 14:05:00,35.96791666666666,0.6666808592239285,34.47,37.64,0.3581902699874472,0.37387256622203974,24.0
N8,2023-08-30 02:05:00,36.056041666666665,0.688005590608342,34.5,38.36,0.354610992699257,0.28962177249821336,24.0
N8,2023-08-30 14:05:00,36.20215277777777,0.7828721276975044,34.5,38.36,0.27132045025778617,0.2792603089558906,24.0
N8,2023-08-31 02:05:00,36.304253472222214,0.8461176441230127,34.27,38.36,0.5059226929055352,0.14769481030679935,24.0
N8,2023-08-31 14:05:00,36.32196180555555,0.8985720569863832,34.27,38.36,0.5813352850326666,0.1483290587790962,24.0
N8,2023-09-01 02:05:00,36.238159722222214,0.8817946989835437,34.27,38.15,0.4067032252211716,0.18453507144877354,24.0
N8,2023-09-01 14:05:00,36.094843749999995,0.8296826136992543,34.27,38.08,0.45476706505232617,0.2079649702425303,24.0
N8,2023-09-02 02:05:00,36.1037673611111,0.772151490995008,34.45,38.08,0.32769121143408414,0.32028427454591996,24.0
N8,2023-09-02 14:05:00,36.041996527777776,0.7099772639075997,34.76,37.88,0.33943722819331446,0.39063788472911687,24.0
N8,2023-09-03 02:05:00,36.049991319444445,0.7386119500602939,34.66,37.88,0.5194501126496759,0.30834663527724804,24.0
N8,2023-09-03 14:05:00,36.086953125,0.8432279019800841,34.31,38.29,0.5082753641424719,0.27354313076462977,24.0
N8,2023-09-04 02:05:00,36.059383680555555,0.8573892524517593,34.31,38.29,0.4241879012677609,0.29179138334097143,24.0
N8,2023-09-04 14:05:00,36.160130208333335,0.9201393644767508,34.31,38.33,0.4082902269804481,0.2529572103586587,24.0
N8,2023-09-05 02:05:00,36.01496527777778,1.509151366171263,27.87,38.33,0.3286002784576204,0.31999612862549087,24.0
N8,2023-09-05 14:05:00,34.773784722222224,3.3620066628247036,24.52,38.33,0.11666265545407592,0.22269922949589563,48.0
N8,2023-09-06 02:05:00,34.579348958333334,3.274380502492507,24.52,38.33,0.08953718453014031,0.21635640208211934,48.0
N8,2023-09-06 14:05:00,34.577022569444445,3.25447712953147,24.52,37.73,0.08379737137106662,0.2190745568142402,48.0
N8,2023-09-07 02:05:00,34.603498263888895,3.0305726551350887,24.52,37.38,0.08579121734720198,0.2600216479443751,48.0
N8,2023-09-07 14:05:00,35.79610243055556,0.6550254116102701,34.13,37.52,0.14061181444040266,0.2823864702885461,48.0
N8,2023-09-08 02:05:00,35.88894097222222,0.6330350915006823,34.52,37.52,0.27099704966255717,0.26593630900083237,24.0
N8,2023-09-08 14:05:00,35.82194444444444,0.6353763952022824,34.52,37.53,0.3784470966140454,0.27136583415960747,24.0
N8,2023-09-09 02:05:00,35.94769965277778,0.6816300889737218,34.52,37.53,0.4393341258858633,0.18739885362758613,24.0
N8,2023-09-09 14:05:00,36.027942708333335,0.7414075941585695,34.59,38.41,0.4084407605184146,0.26804512111232276,24.0
N8,2023-09-10 02:05:00,36.194887152777774,0.8695800068465067,34.59,38.41,0.6541969464749461,0.17561437676572308,24.0
N8,2023-09-10 14:05:00,36.25921006944444,0.9646447654858039,34.59,38.55,0.6472675327435679,0.19554828610131472,24.0
N8,2023-09-11 02:05:00,36.39685763888888,1.0418606588748285,34.59,38.55,0.7696170422936053,0.1182923097118966,24.0
N8,2023-09-11 14:05:00,36.39604166666666,1.006105644407352,34.59,38.55,0.7639420274001151,0.10957845715187833,24.0
N8,2023-09-12 02:05:00,36.484157986111114,1.0265288958420613,34.59,38.55,0.7816757608309206,0.10206363833988179,24.0
N8,2023-09-12 14:05:00,36.49450520833333,1.0032208841197356,34.67,38.44,0.7807072929490263,0.10455019377971363,24.0
N8,2023-09-13 02:05:00,36.52646701388889,1.0302152513866674,34.67,38.44,0.7236537238669493,0.12411222516851415,24.0
N8,2023-09-13 14:05:00,36.491640624999995,1.0463898540947285,34.67,38.44,0.7627142036400156,0.112093614342511,24.0
N8,2023-09-14 02:05:00,36.48109375,0.9961444867252741,34.81,38.44,0.6959708638512916,0.11907736446715197,24.0
N8,2023-09-14 14:05:00,36.486875000000005,0.9290620036344306,34.98,38.39,0.6645246051905787,0.1764316504210378,24.0
N8,2023-09-15 02:05:00,36.55292534722222,0.9420538435141277,34.98,38.69,0.7478967290524068,0.12778339829050328,24.0
N8,2023-09-15 14:05:00,36.53080729166667,0.9520094333184872,34.91,38.69,0.7181899966576948,0.1596231557759067,24.0
N8,2023-09-16 02:05:00,36.48901909722222,1.020204203066592,34.55,38.69,0.6192391752515214,0.21662147290044884,24.0
N8,2023-09-16 14:05:00,36.42620659722222,1.0402145181528284,34.55,38.69,0.6589697949110203,0.1873164132302483,24.0
N8,2023-09-17 02:05:00,36.30881944444444,0.9809620041116793,34.55,38.15,0.6326926303758172,0.21292113273265625,24.0
N8,2023-09-17 14:05:00,36.32370659722223,1.0494897167914132,34.55,38.3,0.6407426227861427,0.19518860470596158,24.0
N9,2023-08-16 14:40:00,36.720164930555555,1.4414073520720387,20.68,38.0,0.03764643680801287,0.2990082428896136,9.6
N9,2023-08-17 02:40:00,36.797352430555556,0.4530568594166332,35.45,38.0,0.09743575558689446,0.3121954110880062,48.0
N9,2023-08-17 14:40:00,36.89162326388889,0.5494013871551652,35.45,38.221666666666664,0.1819323605048588,0.43214326578438605,24.0
N9,2023-08-18 02:40:00,36.71810763888889,0.7311554407493162,35.14,38.23,0.3715119619536729,0.3802710160032502,24.0
N9,2023-08-18 14:40:00,36.74825520833334,0.7809055951242135,35.14,38.23,0.3900084560762456,0.37860145532368084,24.0
N9,2023-08-19 02:40:00,36.71631076388889,0.840594919536712,35.14,38.23,0.42573666140618366,0.3681484021195738,24.0
N9,2023-08-19 14:40:00,36.77149305555556,0.8823619252815837,35.14,38.23,0.5363136041342504,0.32479530509006416,24.0
N9,2023-08-20 02:40:00,36.82714409722222,0.8505312978938041,35.53,38.24,0.49016940048453145,0.36933714209275975,24.0
N9,2023-08-20 14:40:00,36.95184895833333,0.9203091289301247,35.53,38.75,0.6335908752495285,0.24161897516110423,24.0
N9,2023-08-21 02:40:00,36.967274305555556,0.88409281869245,35.53,38.75,0.617280345216641,0.2564173373696664,24.0
N9,2023-08-21 14:40:00,36.94800347222222,0.8414069245271666,35.53,38.75,0.6582231340193878,0.22798901810163602,24.0
N9,2023-08-22 02:40:00,36.94526909722222,0.8391898158873233,35.44,38.75,0.6524852445540109,0.20426272125014713,24.0
N9,2023-08-22 14:40:00,36.87306423611111,0.761558967245535,35.44,38.08,0.5779300147771759,0.24314350744674437,24.0
N9,2023-08-23 02:40:00,36.868541666666665,0.7669015592259605,35.44,38.08,0.6009883106627028,0.22325769529920864,24.0
N9,2023-08-23 14:40:00,36.847994791666665,0.773155940721352,35.44,38.61,0.6685292451599252,0.19669129566139004,24.0
N9,2023-08-24 02:40:00,36.86490451388889,0.7682535365229946,35.42,38.61,0.7026293067203373,0.20055617475007667,24.0
N9,2023-08-24 14:40:00,36.659756944444446,0.7756900077897098,35.42,38.61,0.6554395799617198,0.14675909246906255,24.0
N9,2023-08-25 02:40:00,36.666371527777784,0.8152973093483696,35.25,38.61,0.6314825205405645,0.1375413180744448,24.0
N9,2023-08-25 14:40:00,36.39371155753968,0.7914777673086757,34.87,38.06,0.6539424913164702,0.14929808510616766,24.0
N9,2023-08-26 02:40:00,36.42877628968254,0.7649323436093077,34.74,38.06,0.6032824795236295,0.11910636880429228,24.0
N9,2023-08-26 15:45:00,36.52185010822511,0.7935300387970914,34.74,38.36,0.3545157082057969,0.07272601247624076,24.0
N9,2023-08-27 05:45:00,36.50294701479076,0.8086717226323789,34.74,38.36,0.35947987839913237,0.14557464698662392,24.0
N9,2023-08-27 19:50:00,36.62023608856421,0.8412724646654428,34.74,38.36,0.10819016294041033,0.2549253278810385,12.0
N9,2023-08-28 08:35:00,36.47247170364358,0.9746709388121113,34.88,38.36,0.24976337314923597,0.2509604121927776,24.0
N9,2023-08-28 21:30:00,36.43651718073593,0.9941353218582962,34.71,38.08,0.15426771999381766,0.24750574259786584,12.0
N9,2023-08-29 09:30:00,36.41806172153869,1.001093224707798,34.71,38.45,0.1731051955021425,0.23756663956804058,12.0
N9,2023-08-29 21:35:00,36.39505588189223,1.0052101701558305,34.59,38.45,0.13115040538379932,0.17362533666215016,12.0
N9,2023-08-30 10:30:00,36.300368381892234,1.0170121543676032,34.1,38.45,0.14188101576168274,0.24438615158525157,12.0
N9,2023-08-30 23:05:00,36.18966401681287,1.0223143984240282,34.1,38.45,0.07575273674942255,0.2491311763337126,12.0
N9,2023-08-31 11:05:00,36.06937638888889,1.0857687518976966,34.03,38.13,0.13937317388873258,0.3436272696156841,12.0
N9,2023-08-31 23:05:00,36.11205484817115,1.043962523542483,34.03,38.04,0.20663323635638842,0.38621771738067423,24.0
N9,2023-09-01 11:05:00,36.387545299560045,1.0337464293510539,34.03,38.4,0.06808166988934343,0.3410418516323899,48.0
N9,2023-09-02 13:35:00,36.38259825094893,0.9807690371705323,34.03,38.4,0.020985426825634958,0.26957648871870826,16.0
N9,2023-09-03 01:35:00,36.753890775458736,0.8759238981389575,35.02,38.4,0.10595272438661622,0.29646153382090484,16.0
N9,2023-09-03 13:45:00,36.64183731617647,0.9367544135488284,35.02,38.4,0.23673536637378276,0.23206630836451583,24.0
N9,2023-09-04 02:05:00,36.716112489787584,0.9640173726211535,35.13,38.28,0.36247146788137435,0.2822177287550973,24.0
N9,2023-09-04 14:05:00,36.711380718954246,0.949385911341656,35.13,38.28,0.3834490040508707,0.3057777800237898,24.0
N9,2023-09-05 02:05:00,36.20942708333333,1.8354081436862606,27.38,38.28,0.22189712889455643,0.3275426798307422,24.0
N9,2023-09-05 14:05:00,35.19498263888889,3.3191031557331145,24.23,38.28,0.2934867053736966,0.2274586378307195,48.0
N9,2023-09-06 02:05:00,35.122899305555556,3.2627788898543377,24.23,38.15,0.2987574021193892,0.22509000138786187,48.0
N9,2023-09-06 14:05:00,35.11364583333333,3.2590475852967984,24.23,38.27,0.2944286978739289,0.23000298668566932,48.0
N9,2023-09-07 02:05:00,35.542569444444446,3.0143070537296732,24.23,38.27,0.2720892745262888,0.2753208470505197,24.0
N9,2023-09-07 14:05:00,36.52802083333333,0.8575708018126129,34.99,38.27,0.31731836327651874,0.3147642778027146,24.0
N9,2023-09-08 02:05:00,36.6100955939441,0.9667723647226867,34.92,38.43,0.2995134121879451,0.37404595072039093,24.0
N9,2023-09-08 14:05:00,36.679100898346825,1.0206366903631414,34.92,38.43,0.3077594680218169,0.26931788135760876,24.0
N9,2023-09-09 02:10:00,36.64379149353481,1.0254963421568914,34.92,38.43,0.3857700903562724,0.19264349762968747,24.0
N9,2023-09-09 17:10:00,36.885550374817214,0.9944382960775998,34.92,38.43,0.29749052769805606,0.28757234687582,24.0
N9,2023-09-10 08:20:00,36.69692861519851,0.9770885852963771,35.038695652173914,38.44,0.3487366843932832,0.21707968899681832,24.0
N9,2023-09-10 22:35:00,36.96690570166881,0.936789087046553,35.34,38.44,0.28974655255513765,0.32822638133487536,24.0
N9,2023-09-11 12:40:00,36.83433440211573,0.9261254676196901,35.34,38.44,0.4459503528599387,0.24888235470485473,24.0
N9,2023-09-12 00:45:00,36.99349565972223,0.9644853792116355,35.41,38.44,0.6293006566397056,0.15388993540398718,24.0
N9,2023-09-12 13:40:00,36.9998777281746,0.918040961105849,35.39,38.38,0.6730415172137798,0.15633832750425558,24.0
N9,2023-09-13 01:40:00,36.88356653714727,0.9488971477673209,35.02,38.39,0.6493475048336546,0.1259308151718009,24.0
N9,2023-09-13 13:40:00,36.92150366512346,1.0265342476618526,34.97,38.39,0.6025114849038121,0.14112036035011769,24.0
N9,2023-09-14 02:50:00,36.84421199845679,1.0245434527444894,34.97,38.44,0.5963063597522031,0.16912480041234107,24.0
N9,2023-09-14 14:50:00,36.801373456790124,1.0973146964191414,34.97,38.44,0.644660269712863,0.15655230653067503,24.0
N9,2023-09-15 02:50:00,36.74498697916667,1.1000378166915332,34.97,38.46,0.5472083841028597,0.22501111695251447,24.0
N9,2023-09-15 14:50:00,36.76006944444444,1.048887470481474,35.02,38.46,0.5138681804536871,0.2948307284437102,24.0
N9,2023-09-16 02:50:00,36.60383680555556,1.0237891057682706,35.02,38.46,0.3457145069537387,0.3248733635486728,24.0
N9,2023-09-16 14:50:00,36.674427083333335,0.9822462307780081,35.09,38.46,0.3098132744822451,0.38820635216257693,24.0
N9,2023-09-17 02:50:00,36.68787326388889,0.9844159998060114,35.09,38.36,0.33104087374309793,0.3870802796515308,24.0
N9,2023-09-17 14:50:00,36.69526909722222,0.9904605176187917,35.09,38.37,0.3630759464274302,0.34773916434897667,24.0
